Data Source,World Development Indicators,,,,,,,,,,,,,,,,,,,,,,,,,,,,,,,,,,,,,,,,,,,,,,,,,,,,,,,,,,,,,,,
,,,,,,,,,,,,,,,,,,,,,,,,,,,,,,,,,,,,,,,,,,,,,,,,,,,,,,,,,,,,,,,,
Last Updated Date,2020-03-18,,,,,,,,,,,,,,,,,,,,,,,,,,,,,,,,,,,,,,,,,,,,,,,,,,,,,,,,,,,,,,,
,,,,,,,,,,,,,,,,,,,,,,,,,,,,,,,,,,,,,,,,,,,,,,,,,,,,,,,,,,,,,,,,
Country Name,Country Code,Indicator Name,Indicator Code,1960,1961,1962,1963,1964,1965,1966,1967,1968,1969,1970,1971,1972,1973,1974,1975,1976,1977,1978,1979,1980,1981,1982,1983,1984,1985,1986,1987,1988,1989,1990,1991,1992,1993,1994,1995,1996,1997,1998,1999,2000,2001,2002,2003,2004,2005,2006,2007,2008,2009,2010,2011,2012,2013,2014,2015,2016,2017,2018,2019,
Aruba,ABW,Real interest rate (%),FR.INR.RINR,,,,,,,,,,,,,,,,,,,,,,,,,,,,6.46646469746693,6.93493938675523,6.25884359075901,4.52131422826697,4.79383512647761,6.55868225019245,5.0367090301006,4.04207442732824,6.99363007529187,6.86945665877678,6.31056630640479,4.19682644137802,10.7062608307036,10.9040922958099,6.59945496266279,6.47918083359896,8.42512014670551,7.27118298260453,7.41991409730749,6.36717242417586,4.20028415858288,5.16510250130054,8.82058976278222,11.0518811734569,5.7151135893734,7.5513274416442,10.9999799512655,5.42675436234961,4.85974943017455,8.47536879371014,5.57519877032694,,,
Afghanistan,AFG,Real interest rate (%),FR.INR.RINR,,,,,,,,,,,,,,,,,,,,,,,,,,,,,,,,,,,,,,,,,,,,,,,10.0468971030666,-3.58511111709381,12.5579601468892,17.5429289408708,11.3640937307248,-1.24150599400781,7.17438723794589,9.78449594139253,14.3516893410707,12.2525481562197,9.41677606606904,12.6426993073576,,,
Angola,AGO,Real interest rate (%),FR.INR.RINR,,,,,,,,,,,,,,,,,,,,,,,,,,,,,,,,,,,,-84.0950001791546,-93.5134588840176,-29.522706549011,4.04755887747494,-72.5785001611618,-60.7813270387995,-5.03293321688833,-33.5534024054014,1.12833550907278,36.6411290160783,17.799803581475,2.04299496946991,12.8373343636254,-5.72699956739724,38.975946691856,-6.94483626313024,-9.87641335430098,8.76474643212428,12.6107802361087,12.3805970272909,21.1441877007269,-4.92205300939891,-5.55269084354276,-10.506790378957,,
Albania,ALB,Real interest rate (%),FR.INR.RINR,,,,,,,,,,,,,,,,,,,,,,,,,,,3.50195315724549,1.0003091547091,1.00058436930803,0.996284183664403,1.43757004192623,-25.4690910606448,-63.7871204812071,-42.5735139522975,-8.96318219295595,8.80174501441428,-10.2870097172254,19.2994542648082,,19.1095559805435,15.5794478427779,15.2582927003853,11.2500481303419,8.62545399900411,8.34124933040263,9.45903065013955,10.2060979479912,9.30140093340637,8.55042130156212,9.99611763688361,7.97107524192347,9.88841741874728,9.73642517692639,9.51039297821351,7.0002435652731,8.11622522469351,10.3520797698718,5.04470701476492,4.93732998310261,,
Andorra,AND,Real interest rate (%),FR.INR.RINR,,,,,,,,,,,,,,,,,,,,,,,,,,,,,,,,,,,,,,,,,,,,,,,,,,,,,,,,,,,,,
Arab World,ARB,Real interest rate (%),FR.INR.RINR,,,,,,,,,,,,,,,,,,,,,,,,,,,,,,,,,,,,,,,,,,,,,,,,,,,,,,,,,,,,,
United Arab Emirates,ARE,Real interest rate (%),FR.INR.RINR,,,,,,,,,,,,,,,,,,,,,,,,,,,,,,,,,,,,,,,,,,,,,,,,,,,,,,,,,,,,,
Argentina,ARG,Real interest rate (%),FR.INR.RINR,,,,,,,,,,,,,,,,,,,,,,,,,,,,,,,,,,,7.01008579301131,14.2311110519169,10.5687442622144,9.75165232681387,12.5543666809332,13.1174683581839,9.94507167767402,29.1202848185975,16.179803860883,7.8288524592808,-9.78915778532334,-3.76573898962305,-4.49629725369551,-3.38254239370576,-3.00639086148202,0.240385057782125,-8.56602872006595,-7.77340523607893,-6.74819555440486,-5.48583918237899,-11.6006987702161,-1.31470878459507,-7.00603984304116,0.455012808101836,-2.35357143432585,,
Armenia,ARM,Real interest rate (%),FR.INR.RINR,,,,,,,,,,,,,,,,,,,,,,,,,,,,,,,,,,,,-24.9130577416523,39.105168282964,30.9943493990781,34.1346115907617,38.7736674388853,33.3984630573373,21.7339742389409,18.3327469142319,15.5583254991901,11.5923305087159,14.2817319164796,11.3795280486194,12.7435114080609,10.4349146541902,15.8034515494499,10.6076357869827,12.9197578934331,11.2811932934792,12.2168430436348,13.7812486601176,16.1800096730379,17.0423595080455,11.9973399575166,9.95284202971991,,
American Samoa,ASM,Real interest rate (%),FR.INR.RINR,,,,,,,,,,,,,,,,,,,,,,,,,,,,,,,,,,,,,,,,,,,,,,,,,,,,,,,,,,,,,
Antigua and Barbuda,ATG,Real interest rate (%),FR.INR.RINR,,,,,,,,,,,,,,,,,,,-0.0324775582283591,-5.43816599943154,-1.25565039042118,2.44330657718899,1.55231512124014,8.23490205936882,9.45880765244998,5.35829000452126,5.58772702086119,3.48121409654055,-1.07139078580872,7.7317894685575,10.8375621754672,9.78871955283657,9.99241544963923,10.6695655928552,9.59020182732675,10.0511649827273,9.01370812445565,9.9729650526347,9.87658228825984,10.4117093946692,10.4571716332387,9.99224446659657,10.6119748135098,13.9191415813414,10.1562584171881,6.63746408122423,10.4397021576976,6.45824729602573,5.79505158255318,8.13196020526217,9.33959510084335,9.79953139854021,7.95945311994104,11.0030464701126,8.0072745506121,6.61788471463211,7.56104003893725,10.3372779295575,6.66755885730013,,
Australia,AUS,Real interest rate (%),FR.INR.RINR,,2.20744017417745,5.57962451854376,3.27387396106451,1.73121055876581,2.26418151022713,2.61716750357333,0.485311503690408,3.25976863071328,1.06971123512267,1.68652944969546,1.9622886224768,0.783360310626701,-1.50419105571319,-6.02011536182266,-5.33789384837283,-3.598997077205,-1.38497309292711,1.05251409562529,0.451467683765821,-0.0334345224517089,2.10702242976225,1.41627582528559,2.05056633441292,3.37167515081736,7.44425590177253,8.02611461888028,7.5012860522287,6.4116952935292,6.59630352343881,9.66979140801637,10.0708369875589,8.94668806343114,8.44730147628195,7.98478363788474,8.05496602512549,6.84874291443544,5.86111439266551,5.3423869552153,6.18751352850882,5.00773848994356,2.12276861222194,3.40471750667865,3.39327338785933,3.61912809325564,3.33452109421493,2.39807601982717,3.03223743254623,4.19299802795191,0.970416420197005,6.04141574273841,1.39739524085704,5.02517827718441,6.31118103163677,4.40524882281113,6.15850255705118,5.98574231814136,1.45051082926735,3.30362396248425,,
Austria,AUT,Real interest rate (%),FR.INR.RINR,,,,,,,,,,,,,,,,,,,,,,,,,,,,,,,,,,,,,,,,,,,,,,,,,,,,,,,,,,,,,
Azerbaijan,AZE,Real interest rate (%),FR.INR.RINR,,,,,,,,,,,,,,,,,,,,,,,,,,,,,,,,,,,,,,,21.0179866625552,16.954607126024,6.36757336981929,16.7690793359589,12.6244059518584,7.94230103486085,5.92029112464695,2.00903637766665,5.86921083003594,-1.20386431843874,-6.41437042746196,48.0000304120539,6.03749041929722,-4.5090716814242,15.0720534611728,17.7227825311853,19.4460370437551,28.890071399415,1.5235146159842,-0.164003571477481,4.98834135914344,,
Burundi,BDI,Real interest rate (%),FR.INR.RINR,,,,,,,,,,,,,,,,,,,-0.451262624468179,-11.2032255104012,-3.76686094684199,19.2292447871319,5.98831967000897,5.23492170071383,-4.45006339753914,6.59678082637513,16.9803375449622,15.963391072313,8.22173811217478,-2.4026250109386,5.9971424721037,8.34847759852903,7.83342951672534,5.59112035265417,7.0908334336198,-0.727268464698473,,,3.54367365832104,0.245048218192701,-16.6791975356856,2.73290368762485,18.2520363062058,5.61440230161237,4.51452118694417,-0.333712699963746,13.8331873120086,7.91511494729555,-6.19483555607477,3.27455906374992,3.55415724152079,4.49248947174494,0.024113858875751,6.66204458651637,9.84140750593878,-4.94904459332227,13.1515464599865,3.00360573394454,18.1576730371499,,
Belgium,BEL,Real interest rate (%),FR.INR.RINR,,,,,,,,,,,,,,,,,,,,,,,,,,,,,,,,,,,,,,,,,,,,,,,,,,,,,,,,,,,,,
Benin,BEN,Real interest rate (%),FR.INR.RINR,,,,,,,,,,,,,,,,,,,,,,,,,,,,,,,,,,,,,,,,,,,,,,3.59595801669621,2.59080694204925,4.34420852782099,-1.36596044269121,2.38690045018602,4.19126995445574,1.46725368565735,-2.46398319024428,3.8269866582384,5.60089955650727,5.07457568320067,5.59064883867878,5.10667338807724,,,
Burkina Faso,BFA,Real interest rate (%),FR.INR.RINR,,,,,,,,,,,,,,,,,,,,,,,,,,,,,,,,,,,,,,,,,,,,,,4.94405887370512,5.43551554771743,3.71966438299576,-2.46659400228754,2.51161344617833,-1.58489791454407,-1.35890242806266,-0.741615135359464,7.57802474732595,5.99590976148675,8.48848406011702,6.63835921945886,0.394032641735373,,,
Bangladesh,BGD,Real interest rate (%),FR.INR.RINR,,,,,,,,,,,,,,,,,34.7584861385852,14.6814534777502,-11.6374902697912,-1.38987505537017,-5.29261214405094,1.91575196410772,1.95181983417005,3.23745670024452,3.82332514256952,-5.48133622326992,5.30749313281142,4.39199516779017,7.91115737591059,7.07233716886508,8.88671888670931,12.8367514330462,12.1052606722747,14.8214318073078,10.1319294451417,6.39793291168276,-4.3168326399826,9.82634391322905,7.82564810966881,8.97864304756307,8.99820323722306,9.25695571916244,8.38969935757469,5.88445427995391,5.58235561096319,5.7642691214207,5.46699380434047,5.78911143822013,4.66174257174024,6.14653832728063,4.73613754607852,5.06420237870107,5.34330921717459,5.98869861388979,6.88586627498447,5.51265710797709,3.44926444294823,3.06864616026747,3.8385429536427,,
Bulgaria,BGR,Real interest rate (%),FR.INR.RINR,,,,,,,,,,,,,,,,,,,,,,,,,,,,,,,,,9.06847550183763,17.0524851192017,17.261174869694,-23.5201721295954,130.344957910409,-64.4082978704566,-13.0246501667328,9.96037659918285,3.86822769717863,4.71438704605468,5.2365247714683,6.13292846748727,3.03980272225319,2.01789190529003,2.01523177180864,-0.984443288323143,2.52627893226342,7.00409746053814,9.9269540302174,4.3884604356274,8.03401504692791,9.81530662503988,7.76422570171077,5.12960989791244,4.05581923311292,1.96989368146486,1.2971600962261,,
Bahrain,BHR,Real interest rate (%),FR.INR.RINR,,,,,,,,,,,,,,,,,,,,,,,,,,,31.899078880184,6.79616153081577,5.67650699259481,4.26721433414044,3.41972661628227,11.4748705922866,15.8180442537609,14.294301790096,3.15013764667973,10.4967030867902,12.099822197302,11.1609455375469,20.2848631275658,8.84268358322294,-14.1458564333436,14.545594665075,4.8273614940425,-0.283027354056424,-2.78109322103348,-5.19902924913244,-0.796745563030568,-0.156120281991427,-2.82382271996686,24.062600631364,-0.177845967605293,-2.6846236710194,2.93195260518506,5.52944572522505,7.66757832937397,16.0320917785668,,,,,
"Bahamas, The",BHS,Real interest rate (%),FR.INR.RINR,,,,,,,,,,,,,,,,,6.94438712310399,7.63923724615222,7.09268098930957,0.52591609491763,0.751287393657453,-5.68308500562306,7.04469061043239,4.73974026382963,7.58791858973762,1.72652926047562,4.38524364451918,2.26450422769055,7.40576480108515,7.05883980379841,3.73669961272715,6.28283714963996,4.02073579719404,8.38172771281935,4.59138626415737,5.90021927518225,5.70956043828823,-37.9053386286309,3.5912614545872,1.35689290972319,5.03170303104966,5.62664228999839,1.96143620457711,4.79001241576929,4.74874485639937,0.461577160665702,4.63369387269038,2.4794046802587,3.95221181895047,6.60501800428926,5.91590878963777,5.97209669394526,1.43580032378823,3.17638074037917,2.13154846778404,-2.14685831004906,3.57728523612817,2.49933264572861,3.54640874298544,,
Bosnia and Herzegovina,BIH,Real interest rate (%),FR.INR.RINR,,,,,,,,,,,,,,,,,,,,,,,,,,,,,,,,,,,,,,,60.3104918885136,19.2499629288411,-9.92766330162261,12.1405257343114,7.88455078118004,9.86746927276308,1.69634926999139,12.7208362495469,0.201657221489853,0.916564499202129,-0.3487863772509,7.73458729560536,6.28833053182137,4.82716993958378,6.61277784746279,7.2777157539067,5.57922670395394,4.36261826913179,3.77386380750146,1.60006354325527,1.00962914320541,,
Belarus,BLR,Real interest rate (%),FR.INR.RINR,,,,,,,,,,,,,,,,,,,,,,,,,,,,,,,,,-89.299391469589,-85.1883271988588,-87.8528574180936,-63.8872583383395,5.60715853319798,-23.215656000026,-28.0828260960878,-63.7610255027735,-41.2295490194762,-18.1401862688928,-5.52846907004785,-5.13471706389011,-4.7008627360939,-6.39967134213384,-1.72187161489498,-3.8075656979744,-10.4472953859825,2.21157583465926,-4.27663727649865,-31.9229033792065,-31.8270993969285,-1.7516160714714,0.538935443768887,1.77624138938041,5.5916335198042,0.953355741211775,-2.56541613172075,,
Belize,BLZ,Real interest rate (%),FR.INR.RINR,,,,,,,,,,,,,,,,,,,,,,,23.1903458895678,6.35870007869511,4.70817806163493,16.6981101591554,10.0662838351702,4.16140321070048,9.47878640534548,11.4863406476055,13.8448674075521,17.994083882755,9.92974942906174,12.5085425073119,10.7996442201288,9.06243934445596,14.0539985791148,18.0342077118904,14.7748827649845,18.929931210112,15.455495810524,15.7117487529448,12.8574061623296,17.7123756170584,11.6325568729054,11.2724154381449,9.31307691581896,9.04958625885595,11.1040687927835,17.7204420222086,14.1491976397998,9.18530340145205,11.0244134849938,8.49354493639667,9.15084350905631,10.06964791161,6.03839604314686,7.31806389507241,10.3476339713762,,
Bermuda,BMU,Real interest rate (%),FR.INR.RINR,,,,,,,,,,,,,,,,,,,,,,,,,,,,,,,,,,,,,,,,,,,,,,,,,,,,,,,,,,,,,
Bolivia,BOL,Real interest rate (%),FR.INR.RINR,,,,,,,,,,,,,,,,,,,,,,,,,,,,31.0962226830888,18.2844556969468,21.2807364226125,21.9711413534154,19.9321737664258,28.5447749865532,44.4076283501889,44.1131608753868,35.5300891960369,39.7798698782455,41.9516007872006,30.2290470369975,32.1815279320341,27.9483924327578,17.8530989092351,17.3230567258656,10.6586089111105,6.0223314553407,10.0756710775693,-1.55933369267428,5.11062820266868,3.16371915242944,15.1460393041453,1.0410375032615,-3.21717486437281,3.76719094883499,4.77002998357857,7.49119541655894,13.3088041526955,9.43472357540376,1.93142365486314,4.83326149925893,,
Brazil,BRA,Real interest rate (%),FR.INR.RINR,,,,,,,,,,,,,,,,,,,,,,,,,,,,,,,,,,,,,,65.4088449772594,77.6168379979129,67.0609170956757,48.5047281930591,45.6378187136298,48.3404374437697,46.4473988422892,43.7791527193086,44.6351679022297,41.2403264794732,35.0225154651078,35.3667577931037,34.7920096447121,29.1158055318831,32.833492831036,26.5820297283699,18.4989157486722,22.4036356703529,33.8322170200924,40.7031817110361,41.9857294762514,34.9990286827621,,
Barbados,BRB,Real interest rate (%),FR.INR.RINR,,,,,,,,,,,,,,,,,,,,,,-0.653979455481209,3.19157350883719,5.81690166935319,5.98854084296489,6.79590078258872,4.41002774425097,1.31760214034001,6.49745580216868,2.97539324618739,-9.27208562045272,8.90493840995908,10.7858740784612,4.0800290121065,5.84009647731975,6.72487190728204,7.26552900633792,8.83817068800406,0.964026135435807,4.74689448058332,11.681017023192,7.15767397428568,7.5275034083637,7.2974680284828,2.37552366931634,2.33366257450197,7.69649060392068,1.79684431239994,8.46324917208661,11.3257177145842,4.83201203348632,4.87797106517982,9.74911403654094,5.67219738859122,7.75986248002668,9.7594906444621,7.88693204985927,4.64191990253629,4.26207344101982,,
Brunei Darussalam,BRN,Real interest rate (%),FR.INR.RINR,,,,,,,,,,,,,,,,,,,,,,,,,,,,,,,,,,,,,,,20.541347546287,-5.46084714400853,-18.2270122953957,11.7488836451894,5.10668078537922,-0.569825437592307,-8.96238536172462,-11.1701021290985,-4.13249944166551,4.33102543162265,-6.38260335073912,35.4151176012295,-9.58818021268441,-12.2153799939922,4.22671119937404,8.56607275393358,7.65952140554926,27.8296319364962,16.1630886369997,0.520524537514073,-3.40389430603438,,
Bhutan,BTN,Real interest rate (%),FR.INR.RINR,,,,,,,,,,,,,,,,,,,,,,,7.01018982245124,7.83902147503876,4.50549181618899,8.17156742860735,7.79401808509234,14.5374166440976,0.261941897930561,8.99895862648575,8.78937824499861,5.73337196471762,7.04800530535762,8.14661776394117,3.30640453857018,7.35987108312085,7.35161734968394,3.12449663766247,4.9682269862644,7.97195260265523,17.3332179758271,9.96157187749372,10.2172605000663,11.7607499050574,10.8915297264164,8.1180351686175,8.13901604071404,10.729664158051,7.90793220792947,8.58536916802598,7.61646398947543,5.05915193870645,4.41479524838463,7.71480961591198,6.64419671372676,10.9492915015561,9.35645660120496,8.70090466787605,12.0079586985364,,
Botswana,BWA,Real interest rate (%),FR.INR.RINR,,,,,,,,,,,,,,,,,,,,,-1.55665498917784,9.72190950390689,19.7818913141621,4.25720165449616,-2.96896350871054,-9.27115319531361,-2.68386492096155,-2.39060478543999,-12.1141666206502,-5.26368231641505,1.48163823609309,6.32797889298233,6.90244647169898,1.63797035769948,4.06788511822647,6.77649372099253,-1.38848066101701,8.53034221162933,3.34968974627504,0.473255913388857,1.14582525748908,6.86638438682302,14.8447009979468,12.7261594028246,5.15195656692344,0.230180572471775,8.36041736620967,10.7573146968074,11.2788519322912,6.85039093717767,2.33045676528745,-2.59580073296448,10.7853292724524,7.7022598676851,-2.59496233463233,5.97324243550014,-4.15638336619617,4.15761074835801,5.52096200611409,,
Central African Republic,CAF,Real interest rate (%),FR.INR.RINR,,,,,,,,,,,,,,,,,,,,,,,,,,,,,,,,,,,,,,,,,,,,,,,,,,,,,,,,,,,,,
Canada,CAN,Real interest rate (%),FR.INR.RINR,,3.08434502191211,4.34478612976806,3.52987247287691,2.83585531513651,1.91334464825834,0.99917351591182,1.44392139922629,2.74647409207131,2.98600171496345,3.34390977674645,1.42758308139649,0.154899051386645,-1.97850903627105,-4.24201367614315,-1.50611902767275,1.14647679872455,1.57533039943643,2.62615082275172,2.55338425684631,3.78888300823817,7.65650259671094,6.42435276388643,5.11243742729259,8.22644974510534,7.02467394498431,7.21407392969505,4.51987755825369,5.99593314850245,8.22459429448793,10.2983721694269,6.68105127141281,5.90741443510816,4.58067781275392,5.32734392069114,6.26093783822859,4.25224642812147,3.77439403568703,5.68096570541104,3.26407130392012,2.54865065241313,3.71317225250545,3.33947918238774,3.38686476275548,1.50587993936055,2.99117898839374,4.66743017949332,7.53159520408939,0.703543841870828,4.82308818714135,-0.256568988526288,-0.228971706037056,1.77409463009202,1.24946986578918,1.0220526265194,3.71089197093346,1.88746672731917,0.133227065273634,,,
Central Europe and the Baltics,CEB,Real interest rate (%),FR.INR.RINR,,,,,,,,,,,,,,,,,,,,,,,,,,,,,,,,,,,,,,,,,,,,,,,,,,,,,,,,,,,,,
Switzerland,CHE,Real interest rate (%),FR.INR.RINR,,,,,,,,,,,,,,,,,,,,,,,,,,,,,,,,,,,,,,,,,,,,,,,,,1.28921985249664,2.38039285262285,2.40849074354072,2.36797833400707,2.86739764900718,2.66316509055758,3.3362953494914,3.32794853387736,3.27116576902734,3.21995966259005,2.39120687669171,,
Channel Islands,CHI,Real interest rate (%),FR.INR.RINR,,,,,,,,,,,,,,,,,,,,,,,,,,,,,,,,,,,,,,,,,,,,,,,,,,,,,,,,,,,,,
Chile,CHL,Real interest rate (%),FR.INR.RINR,,,,,,,,,,,,,,,,,,,,,,,,,,-1.21143326793629,4.03791191926063,5.4169263073526,-0.414447087225852,19.562129163044,21.5546991960102,5.91842611023627,9.25942519389821,10.8603139991826,5.13320170350891,5.80121429815906,13.5400121843446,12.2340714051335,18.9296152713703,10.1131850997076,10.1384536123584,7.73159921881536,4.22276078016899,1.52987059143428,-2.52433147048355,-0.89649177178547,-3.71134383401726,3.16432728831726,13.3223297420224,2.48041240930163,-3.86139718387224,5.73860806980181,8.82733839711607,7.14401959015339,2.06947856376818,0.534893124870512,1.07079513606,-0.421481925859442,2.11648324711293,,
China,CHN,Real interest rate (%),FR.INR.RINR,,,,,,,,,,,,,,,,,,,,,1.21586422442101,2.67858245733431,7.26924841537993,6.03629373610234,2.10312043091605,-2.06633758803282,3.0962583567709,2.7292195119142,-2.7616127927811,2.50055772498124,3.43856643586246,1.83346578349219,0.408280499531186,-3.66503819624631,-7.97724778364915,-1.41684830233147,3.36043870975432,6.90581616839603,7.34817842026646,7.20986021161513,3.71201682621706,3.7306632510389,4.67686131548733,2.63588242361456,-1.28496144699761,1.61435765826233,2.10924007781446,-0.259101589412177,-2.30240324136071,5.53218101843851,-1.00218319625411,-1.40234838480949,3.58125274547693,3.75777462903133,4.77105872132093,4.28461418742555,3.24246001612048,0.448412983116881,1.37629634222106,,
Cote d'Ivoire,CIV,Real interest rate (%),FR.INR.RINR,,,,,,,,,,,,,,,,,,,,,,,,,,,,,,,,,,,,,,,,,,,,,,5.67402500680664,2.94135128212231,1.76670428288959,-3.24269074780489,2.57143786110384,-0.25913200970117,3.56223469444162,1.82667231762521,1.52059673807247,1.37520922214577,1.98631633133133,6.43228625606992,7.00422356155913,,,
Cameroon,CMR,Real interest rate (%),FR.INR.RINR,,,,,,,,,,,,,,,,,,,,,,,,,,,,,,,,,,,,,,,,,,,,,,,,,,,,,,,,,,,,,
"Congo, Dem. Rep.",COD,Real interest rate (%),FR.INR.RINR,,,,,,,,,,,,,,,,,,,,,,,,,,,,,,,,,,,,,,,,,,,,,,,29.2173325376995,22.2243516885823,18.8343422659083,24.6947702747909,29.5828258200981,26.3303502334725,21.2447386340948,16.1472335882844,17.5247381603033,20.7667737190148,14.0840344522713,-15.6902472393751,-4.14159889583013,,
"Congo, Rep.",COG,Real interest rate (%),FR.INR.RINR,,,,,,,,,,,,,,,,,,,,,,,,,,,,,,,,,,,,,,,,,,,,,,,,,,,,,,,,,,,,,
Colombia,COL,Real interest rate (%),FR.INR.RINR,,,,,,,,,,,,,,,,,,,,,,,,,,,9.03035063876892,14.366323763846,11.692057804938,14.719009555507,-4.65217131854808,15.84381453975,11.9144458414883,8.78920992462499,15.0443624974982,20.0810690067254,21.4977921918618,14.8787535216014,23.9308115944262,15.0853449927622,-11.13795591854,13.3324808384727,9.77520490050366,7.82379797812032,7.27050966235802,9.56485152757992,6.72165490236799,9.75151157609874,8.75632884473013,8.40668377150184,5.43653445374657,4.93347075043942,8.5880009668688,8.28989963785217,8.6099175676808,8.78552078482183,9.0320950572264,8.15846834986668,8.14564954076647,,
Comoros,COM,Real interest rate (%),FR.INR.RINR,,,,,,,,,,,,,,,,,,,,,,,,,,,,,,,,,,,,,,,,7.4238779394224,17.2284160944343,3.10228896941749,7.51588248556845,6.39462200375769,7.36218094566545,10.6504754433318,7.16630934045214,6.7169660502541,7.16791385885181,9.37800361501876,8.70266714555954,7.18903113084612,6.00711211303062,8.63216303277588,9.57777850361538,11.0465217120253,8.63713711508926,10.0569625042915,9.22986794299855,,
Cabo Verde,CPV,Real interest rate (%),FR.INR.RINR,,,,,,,,,,,,,,,,,,,,,,,,,,,,,,,,,,,,,,,,,,,,,,,5.89105743300322,1.65480979725522,6.22243743470829,8.61468710265611,10.481870255391,6.94842451744028,9.29595653477438,8.96365037076237,11.056759191885,8.52159876469482,9.86118091502319,8.74307113201543,7.33543528455893,,
Costa Rica,CRI,Real interest rate (%),FR.INR.RINR,,,,,,,,,,,,,,,,,,,,,,,-32.1286215776969,-4.40660921000178,1.11872763182423,0.308143300973884,3.1759810054895,12.4191081358026,8.28771467653996,12.0790023487611,11.8169670917395,-15.3970629044436,7.32627799550504,17.7967574057329,15.0165600841726,12.7678503309938,9.55772255976441,6.86794660324713,9.2060020674686,12.8688125789151,14.1430676496161,12.8224001432885,15.0696452204232,13.421657054946,8.79686388319904,10.2143457105635,8.09539754912549,2.0473603499144,3.95790447810231,9.01054268800234,9.87138964420232,11.09289321106,13.2782435561722,10.7439097915152,8.60653526011904,10.0758618833364,9.44589299414588,8.59624322312383,8.53207824544836,,
Caribbean small states,CSS,Real interest rate (%),FR.INR.RINR,,,,,,,,,,,,,,,,,,,,,,,,,,,,,,,,,,,,,,,,,,,,,,,,,,,,,,,,,,,,,
Cuba,CUB,Real interest rate (%),FR.INR.RINR,,,,,,,,,,,,,,,,,,,,,,,,,,,,,,,,,,,,,,,,,,,,,,,,,,,,,,,,,,,,,
Curacao,CUW,Real interest rate (%),FR.INR.RINR,,,,,,,,,,,,,,,,,,,,,,,,,,,,,,,,,,,,,,,,,,,,,,,,,,,,,,,,,,,,,
Cayman Islands,CYM,Real interest rate (%),FR.INR.RINR,,,,,,,,,,,,,,,,,,,,,,,,,,,,,,,,,,,,,,,,,,,,,,,,,,,,,,,,,,,,,
Cyprus,CYP,Real interest rate (%),FR.INR.RINR,,,,,,,,,,,,,,,,,,,,,,,,,,,,,,,,,,,,,,,,,,,,,,,,,,,,,,,,,,,,,
Czech Republic,CZE,Real interest rate (%),FR.INR.RINR,,,,,,,,,,,,,,,,,,,,,,,,,,,,,,,,,,-5.73344204331933,0.69107454277782,3.38363953962644,2.33773122139307,4.46582415795392,2.60576884399847,5.52051926354047,5.30229147880025,2.20015156141113,3.90273075364536,4.73831912726463,2.07476354125975,5.69880896958772,4.8691001758956,2.19307697217228,4.11307980747008,3.30534432972193,7.4190375944537,5.6956873245847,3.88995618882399,3.48804979360678,2.11253825167595,3.08071675682552,2.60872137291107,2.11724829554257,0.973181099932961,,
Germany,DEU,Real interest rate (%),FR.INR.RINR,,,,,,,,,,,,,,,,,,,,,,,,,,,,,,,,,,,,,,,,,,,,,,,,,,,,,,,,,,,,,
Djibouti,DJI,Real interest rate (%),FR.INR.RINR,,,,,,,,,,,,,,,,,,,,,,,,,,,,,,,,,,,,,,,,,,,,,,,,,,,,,,,,,,,,,
Dominica,DMA,Real interest rate (%),FR.INR.RINR,,,,,,,,,,,,,,,,,,,,-8.44258564451432,-7.03442975029622,7.11692449747932,4.56967298873021,2.13152470881508,4.03137039084443,1.95253952480685,4.36241625014448,4.54721730730515,5.74278100509802,1.93029999228929,7.06613209313314,3.31026698864162,6.83756339525482,9.00242490189959,3.68871324317342,10.6334021362994,7.90764322330804,9.58948047559881,8.51626086488684,8.64055538598588,13.7075314864388,8.8707254725489,10.1022523440706,15.090738567161,4.96142422393014,11.5337225058096,6.96994168818566,7.52802838460834,7.44322604130682,1.86608771425642,9.13122223789106,7.03614063578429,11.2244137113887,5.31835292881288,8.98958159535929,1.72958593166966,4.20580681704293,11.653460898559,4.03835383985228,,
Denmark,DNK,Real interest rate (%),FR.INR.RINR,,,,,,,,,,,,,,,,,,,,,,,,,,,,,,,,,,,,,,,,,,,,,,,,,,,,,,,,,,,,,
Dominican Republic,DOM,Real interest rate (%),FR.INR.RINR,,,,,,,,,,,,,,,,,,,,,,,,,,,,,,,,-33.356799609093,21.5705965570283,23.7238942594425,16.8374966126071,19.1788931963517,19.3541822661529,10.5575085815306,17.9689708749836,20.4276191390512,18.2742399974909,17.184522380505,17.8958206645938,-1.55091420822536,-8.63295579738248,17.3262411862842,12.0345137141633,7.60897050122327,8.65401435631013,14.1429457982326,6.34772067170483,6.93058716652389,9.88058813694725,8.49970557714602,9.18432964355967,12.1055454103407,12.8346073988758,10.7819575494947,,,
Algeria,DZA,Real interest rate (%),FR.INR.RINR,,,,,,,,,,,,,,,,,,,,,-18.1643639230937,-9.92881713172191,1.04003132598006,-3.56238299615516,-5.01091017349937,-1.8790882429736,0.824817065193985,-4.44866826540454,-4.64049034164609,-8.05499199440607,-17.0886435914452,-29.7737302569247,-11.4217652066072,-4.9500137651609,-13.7470075987484,-7.90216593852014,-4.0492073596955,8.13664538103595,15.1040086053476,-0.0928990672954391,-10.3302633876601,10.0154038325053,7.16948834741076,-0.197131651594402,-3.78061667561104,-6.99750526315798,-2.30656300356381,1.51012261306517,-6.33703300584059,21.5634730094401,-6.98891285421216,-8.65339167986191,0.503353284104099,8.10300023426383,8.32609812810181,15.4531961514066,6.35299583773457,3.15336932998845,0.412802622031568,,
East Asia & Pacific (excluding high income),EAP,Real interest rate (%),FR.INR.RINR,,,,,,,,,,,,,,,,,,,,,,,,,,,,,,,,,,,,,,,,,,,,,,,,,,,,,,,,,,,,,
Early-demographic dividend,EAR,Real interest rate (%),FR.INR.RINR,,,,,,,,,,,,,,,,,,,,,,,,,,,,,,,,,,,,,,,,,,,,,,,,,,,,,,,,,,,,,
East Asia & Pacific,EAS,Real interest rate (%),FR.INR.RINR,,,,,,,,,,,,,,,,,,,,,,,,,,,,,,,,,,,,,,,,,,,,,,,,,,,,,,,,,,,,,
Europe & Central Asia (excluding high income),ECA,Real interest rate (%),FR.INR.RINR,,,,,,,,,,,,,,,,,,,,,,,,,,,,,,,,,,,,,,,,,,,,,,,,,,,,,,,,,,,,,
Europe & Central Asia,ECS,Real interest rate (%),FR.INR.RINR,,,,,,,,,,,,,,,,,,,,,,,,,,,,,,,,,,,,,,,,,,,,,,,,,,,,,,,,,,,,,
Ecuador,ECU,Real interest rate (%),FR.INR.RINR,,,,,,,,,,,,,,,,,,,,,,,,,,,,,,,,,,,,,,,,,,,,,,,,,,,,,,,,,,,,,
"Egypt, Arab Rep.",EGY,Real interest rate (%),FR.INR.RINR,,,,,,,,,,,,,,,,,-3.16791456611876,-3.11968024066332,0.565092118416607,-9.31164222649352,0.802685988815154,17.5847904712441,-7.80148477340701,2.03007518796985,6.23806586569408,3.06872172823914,1.88245857953887,3.43556713237034,3.15863419854582,-0.674911053857883,1.06753529312911,3.20463879516689,1.67092489526851,9.10124137736522,7.43541940590579,4.55215762878208,7.91322049287727,3.56345275546913,10.3918989206382,11.9358224008719,8.91960097866838,11.2145133706975,10.3000319462668,6.32702594973299,1.52690342961116,6.52364098851194,4.88079672103387,-0.0776285941774989,0.107853152288254,0.710036320916629,0.818721619255541,-0.563878053132607,-6.26271950433796,3.29215715368628,0.414129138030961,1.54106846164848,6.92201135268603,-3.87005237390297,-2.56086296780395,,
Euro area,EMU,Real interest rate (%),FR.INR.RINR,,,,,,,,,,,,,,,,,,,,,,,,,,,,,,,,,,,,,,,,,,,,,,,,,,,,,,,,,,,,,
Eritrea,ERI,Real interest rate (%),FR.INR.RINR,,,,,,,,,,,,,,,,,,,,,,,,,,,,,,,,,,,,,,,,,,,,,,,,,,,,,,,,,,,,,
Spain,ESP,Real interest rate (%),FR.INR.RINR,,,,,,,,,,,,,,,,,,,,,,,,,,,,,,,,,,,,,,,,,,,,,,,,,,,,,,,,,,,,,
Estonia,EST,Real interest rate (%),FR.INR.RINR,,,,,,,,,,,,,,,,,,,,,,,,,,,,,,,,,,,,,,,,,,,,,,,,,,,,,,,,,,,,,
Ethiopia,ETH,Real interest rate (%),FR.INR.RINR,,,,,,,,,,,,,,,,,,,,,,,,,,-17.6706566821617,13.2202814462926,12.9094870215604,2.80731501456612,0.393303170284038,2.64218947635437,-10.987419133432,-6.51958885269189,0.549614666500464,11.0775592881639,2.10898839530452,13.6448986191877,10.2721165368978,10.6661617381336,8.17718747809108,1.30356860624756,17.63548320435,12.7439479024639,-5.11490798465178,2.97237710176469,-2.61706349411107,-4.08090892973127,-8.29255368266441,-17.121776241397,,,,,,,,,,,,
European Union,EUU,Real interest rate (%),FR.INR.RINR,,,,,,,,,,,,,,,,,,,,,,,,,,,,,,,,,,,,,,,,,,,,,,,,,,,,,,,,,,,,,
Fragile and conflict affected situations,FCS,Real interest rate (%),FR.INR.RINR,,,,,,,,,,,,,,,,,,,,,,,,,,,,,,,,,,,,,,,,,,,,,,,,,,,,,,,,,,,,,
Finland,FIN,Real interest rate (%),FR.INR.RINR,,,,,,,,,,,,,,,,,,,,,,,,,,,,,,,,,,,,,,,,,,,,,,,,,,,,,,,,,,,,,
Fiji,FJI,Real interest rate (%),FR.INR.RINR,,,,,,,,,,,,,,,,,,,,,,,,,,,,,,,,,5.82022381336684,4.33846665088675,10.5115887170504,9.96530659002128,8.01036249470468,7.32335454809568,1.99938098477677,1.83009030228951,13.7035030872396,4.82106249602063,4.58142501523623,-0.25152912082618,4.82216177366039,-0.0353655278920231,3.49467599705626,5.87686622763117,6.55243279859786,6.37407702274126,3.12757274426516,-1.75999518543955,3.27442896282317,2.39664738857084,-5.99462784299922,3.33851904994527,3.19999658755259,4.0459748674789,,,
France,FRA,Real interest rate (%),FR.INR.RINR,,,,,,,,,,,,,,,,,,,,,,,,,,,,,,,,,,,,,,,,,,,,,,,,,,,,,,,,,,,,,
Faroe Islands,FRO,Real interest rate (%),FR.INR.RINR,,,,,,,,,,,,,,,,,,,,,,,,,,,,,,,,,,,,,,,,,,,,,,,,,,,,,,,,,,,,,
"Micronesia, Fed. Sts.",FSM,Real interest rate (%),FR.INR.RINR,,,,,,,,,,,,,,,,,,,,,,,,,,,,,,,,,,,,12.4718695422938,12.889454726199,14.2559638942088,11.6599531701449,16.0757593533538,14.0989323676914,14.0651867034046,15.1665537137474,15.4202712866633,14.2402503484999,13.9847358270297,14.0359709998217,10.5211512060855,8.92652196157045,9.50861499867852,11.1261035999615,12.5540537144551,6.71897406372468,14.9676990867493,12.304038843042,22.1112619773892,11.1988875801863,8.0290371711467,,,
Gabon,GAB,Real interest rate (%),FR.INR.RINR,,,,,,,,,,,,,,,,,,,,,,,,,,,,,,,,,,,,,,,,,,,,,,,,,,,,,,,,,,,,,
United Kingdom,GBR,Real interest rate (%),FR.INR.RINR,,,,,,,,2.65769041612305,2.0801195486638,0.553875459535909,-1.82800048859001,-0.469327815218742,0.271886129227861,-0.396958041512542,-5.24575869111699,-12.1732963459467,-3.48669434812344,-4.23391194767326,-2.12326088251895,-0.332927364459797,-2.82958980859052,1.5279501193417,4.21634811774951,4.47330783014737,4.43471761028965,6.43833314286459,6.2830558236359,3.98247269268856,3.75889762153537,5.46261318690155,6.38472380223198,4.97381629764188,6.01011052676476,3.23008100433846,4.06225861122275,-3.13916750788341,1.76560850949586,5.43684631528595,6.22259514894566,4.39630309942621,4.02827003557115,4.08549090798775,1.84798033947961,1.4078106571151,1.78621565884822,2.08772080817564,1.82058608778788,2.85031624685362,1.74773698762451,-0.992012999586202,-1.0178529673851,-1.50935111353386,-1.14279987442117,-1.36963326786395,-1.30206877720584,,,,,,
Georgia,GEO,Real interest rate (%),FR.INR.RINR,,,,,,,,,,,,,,,,,,,,,,,,,,,,,,,,,,,,,,,,,,,,19.6577731485358,12.5934317727664,8.90730666391011,7.9403760875899,6.96291271585968,7.70884232103951,20.4389040526177,1.45008576398227,5.77747452085078,14.3110384994458,12.0633004965879,7.33248838428667,6.26596834935223,9.73944470612666,2.71797610491534,6.43277455138387,,
Ghana,GHA,Real interest rate (%),FR.INR.RINR,,,,,,,,,,,,,,,,,,,,,,,,,,,,,,,,,,,,,,,,,,,,,,,,,,,,,,,,,,,,,
Gibraltar,GIB,Real interest rate (%),FR.INR.RINR,,,,,,,,,,,,,,,,,,,,,,,,,,,,,,,,,,,,,,,,,,,,,,,,,,,,,,,,,,,,,
Guinea,GIN,Real interest rate (%),FR.INR.RINR,,,,,,,,,,,,,,,,,,,,,,,,,,,,-9.63381350219572,-5.46933012747787,-4.14139694248107,3.31472769348522,-1.04807224539361,0.61779832878773,23.6667860303069,20.2823658441781,14.6752857946256,19.157857373199,18.7963104343074,15.7153796871945,15.0126390590282,12.2999631167259,10.9310156876242,,,,,,,,,,,,,,,,,,,
"Gambia, The",GMB,Real interest rate (%),FR.INR.RINR,,,,,,,,,,,,,,,,,,,,,,,,,,-17.8854799952625,-8.90768226469758,7.94836522287472,18.0805883380864,11.5149952496802,12.9822062120409,-45.9484570646922,24.3256124019599,19.9168231922789,20.450121618772,20.2748721158799,15.8084862115909,33.4667922344956,18.9382730890856,27.0954016540517,21.3105657992448,21.8009596065187,12.3276469353765,14.5618021642567,-29.7080592790606,29.5857607936759,28.0808453037745,22.5081465077466,23.9316435246054,21.5156286283877,20.2146854118755,22.4035581485361,23.2604386536329,20.830941492836,22.1346787273183,,,24.1318963090858,21.6699795964602,,
Guinea-Bissau,GNB,Real interest rate (%),FR.INR.RINR,,,,,,,,,,,,,,,,,,,,,,,,,,,,,,,,,,,,,,,,,,,,,,4.31617486295075,7.17237789470822,0.355080129193041,-6.66016992727587,7.62304442132895,2.08611950675699,-7.69581374561288,5.9402230091447,6.27817143450469,5.49473681740219,-6.19776872358503,-0.75535048815917,-0.753829770394876,,,
Equatorial Guinea,GNQ,Real interest rate (%),FR.INR.RINR,,,,,,,,,,,,,,,,,,,,,,,,,,,,,,,,,,,,,,,,,,,,,,,,,,,,,,,,,,,,,
Greece,GRC,Real interest rate (%),FR.INR.RINR,,,,,,,,,,,,,,,,,,,,,,,,,,,,,,,,,,,,,,,,,,,,,,,,,,,,,,,,,,,,,
Grenada,GRD,Real interest rate (%),FR.INR.RINR,,,,,,,,,,,,,,,,,,,-7.05470668974252,-1.02314517309876,0.4133331345233,6.61220114470935,6.08311869032674,8.98136138020492,3.64647213666522,2.45391127812805,6.86724726664276,5.97184623939741,3.50177972513342,1.3795037138541,10.4823978197954,5.27992089460661,7.70259948491633,9.765036457778,7.59495339411631,7.78452204067868,7.128352361563,9.28555185844833,9.82387783832158,10.3832369979845,8.49301036776857,7.87371781001668,10.8965308423078,12.134639674579,7.99137765738596,7.41696078809782,4.96354371946302,7.26792403678251,1.55891637090333,11.0040426570786,10.0471091839918,10.4379848922148,5.58026664941533,6.16708090411834,8.34811121218546,6.03565189218371,5.83335880161747,6.59081210130255,6.74715730152126,,
Greenland,GRL,Real interest rate (%),FR.INR.RINR,,,,,,,,,,,,,,,,,,,,,,,,,,,,,,,,,,,,,,,,,,,,,,,,,,,,,,,,,,,,,
Guatemala,GTM,Real interest rate (%),FR.INR.RINR,,,,,,,,,,,,,,,,,,,,,,,,,,,,,,,,,,,,,,9.58841267735432,6.44892644837031,13.7756036077642,13.1531750895801,24.0224923178095,9.78366658256166,10.073425505357,7.29084115028857,7.00410986755099,7.39911860178799,5.32097120427409,3.61014749593568,9.95319651168149,7.79876787613026,6.07573424010068,9.83731325689565,9.89784989269058,10.4421677494337,9.68369918257533,9.06744588731866,9.10545474311662,9.70085515051474,,
Guam,GUM,Real interest rate (%),FR.INR.RINR,,,,,,,,,,,,,,,,,,,,,,,,,,,,,,,,,,,,,,,,,,,,,,,,,,,,,,,,,,,,,
Guyana,GUY,Real interest rate (%),FR.INR.RINR,,,,,,,,,,,,,,,,,,,,,,8.77822075323059,9.65710761161094,5.58238431495524,-3.5896120883056,0.427823490094903,2.41032706303912,-27.5411725603529,-6.9366323488485,-54.6984164309961,-15.1456861495962,-43.0581813486994,15.6214197435154,2.06207170531307,1.53418486114976,6.11320585519198,13.3384742072091,15.3789556267143,13.3994316235758,5.3032996170815,10.0534953395073,16.6319781988239,13.3564755171326,9.81042649470603,7.27362353636836,6.41851577443671,-32.0007514648602,1.70213986643149,5.3997722482513,10.1340207135308,8.32996096710305,6.04734692880598,7.72795128910312,13.5876428200492,13.2236091534445,11.9037836790243,6.57367106533889,13.7120663161895,7.19155308854614,,
High income,HIC,Real interest rate (%),FR.INR.RINR,,,,,,,,,,,,,,,,,,,,,,,,,,,,,,,,,,,,,,,,,,,,,,,,,,,,,,,,,,,,,
"Hong Kong SAR, China",HKG,Real interest rate (%),FR.INR.RINR,,,,,,,,,,,,,,,,,,,,,,,,,,,,,,,2.26397089201052,0.253114221731364,-2.33490806013766,-1.94549172385507,0.991134822968186,4.56722488698165,2.49068053893493,2.96476220395515,8.57127663073497,13.13350345037,13.110135267373,8.77329508888641,8.80555250838723,11.7113332754548,8.93251125070984,6.36803718269314,8.49686883777677,4.29035414777891,3.98000653456749,5.39573991398278,4.71649985769101,1.06076893353815,1.40535308882026,3.13082364444481,2.09013404461833,1.30873696056012,3.30773190508243,1.98967486047898,1.34322017179979,,
Honduras,HND,Real interest rate (%),FR.INR.RINR,,,,,,,,,,,,,,,,,,,,,,,8.13063619209722,11.6509141378912,12.5272068151005,14.3992749197638,13.6964357629193,13.0074710981084,5.67652579076079,3.51675122103523,-6.36650751568245,-3.49108558147936,17.3709215892184,10.0530685105572,2.74949093468393,2.61573640429569,9.77048756186494,13.0595427652839,18.4892936720915,20.9868650553821,17.436909825413,14.5070191720074,16.7023341391041,14.2250659198218,12.6107713947498,10.7680920759953,11.4742824482469,9.35938603880539,9.41284412222124,10.9529575160613,13.5547928877014,9.97180699233077,14.3569629848232,18.4532824160285,12.8806218683924,12.8349768268253,15.0985365589809,14.2245722203499,15.7371334098859,,
Heavily indebted poor countries (HIPC),HPC,Real interest rate (%),FR.INR.RINR,,,,,,,,,,,,,,,,,,,,,,,,,,,,,,,,,,,,,,,,,,,,,,,,,,,,,,,,,,,,,
Croatia,HRV,Real interest rate (%),FR.INR.RINR,,,,,,,,,,,,,,,,,,,,,,,,,,,,,,,,,,,,,18.0034373554064,8.0719577879639,7.07321468912921,11.0155205224792,7.38881597396496,5.02787048415978,8.64932720589116,6.97967346847601,7.85231495280521,7.8169287681935,5.85394485043666,4.98182998292139,4.27130309389609,8.33217560635297,9.36878518899847,7.90353948793689,7.9070817454154,8.41790376996192,8.42345229119328,,,,,,
Haiti,HTI,Real interest rate (%),FR.INR.RINR,,,,,,,,,,,,,,,,,,,,,,,,,,,,,,,,,,,-23.4244053615303,7.57706684585986,25.7085712022836,12.8094211971409,13.8778388002871,20.2917993573585,18.333527402967,20.0367532568386,21.9761108230179,13.6370940095783,21.804588776201,16.5031341378574,10.1341345982423,13.9231690861324,4.35447816425308,13.1403519645483,14.209073029521,3.81333626569315,3.46697501925947,1.61926157683678,6.38500912923304,5.65820677500133,1.13450662312703,-0.554846428525356,0.277069434102909,,
Hungary,HUN,Real interest rate (%),FR.INR.RINR,,,,,,,,,,,,,,,,,,,,,,,,,,,,,,,,,9.49789997717684,3.41902846175792,6.61885453546393,4.6361675027223,4.41076341664015,1.25217061121559,4.84125203890797,7.60394276200303,2.75271033081721,0.963657345617092,1.92185554000606,3.94469827204705,7.36006229950702,5.76297250943828,4.2643910048554,3.45715213184817,5.14568958230904,6.57016272903889,5.0821771956658,6.00716087603811,5.62092389081431,3.22918038789386,0.827396936714106,0.436154573163402,1.10547188381344,-2.1436798326169,-2.9252481511617,,
IBRD only,IBD,Real interest rate (%),FR.INR.RINR,,,,,,,,,,,,,,,,,,,,,,,,,,,,,,,,,,,,,,,,,,,,,,,,,,,,,,,,,,,,,
IDA & IBRD total,IBT,Real interest rate (%),FR.INR.RINR,,,,,,,,,,,,,,,,,,,,,,,,,,,,,,,,,,,,,,,,,,,,,,,,,,,,,,,,,,,,,
IDA total,IDA,Real interest rate (%),FR.INR.RINR,,,,,,,,,,,,,,,,,,,,,,,,,,,,,,,,,,,,,,,,,,,,,,,,,,,,,,,,,,,,,
IDA blend,IDB,Real interest rate (%),FR.INR.RINR,,,,,,,,,,,,,,,,,,,,,,,,,,,,,,,,,,,,,,,,,,,,,,,,,,,,,,,,,,,,,
Indonesia,IDN,Real interest rate (%),FR.INR.RINR,,,,,,,,,,,,,,,,,,,,,,,,,,,18.8260979553837,4.8816074870712,13.4428230023115,11.155988239991,10.7531630625024,15.4148670582966,15.6069117143453,1.20357312645778,9.26307725112063,8.16295467111805,9.69941919220801,8.21356548046801,-24.6001680758639,11.826526428387,-1.65421247091309,3.71998595702973,12.3224124961922,10.8520711478648,5.13441023123413,-0.245735467014808,1.65815142163524,2.33967409088073,-3.85224502633455,5.74795209578429,-1.74609753559599,4.59437674883754,7.75018856489028,6.37493124212137,6.79211858069728,8.34991063469469,9.22443234413208,6.51963400849605,6.45775255438837,,
IDA only,IDX,Real interest rate (%),FR.INR.RINR,,,,,,,,,,,,,,,,,,,,,,,,,,,,,,,,,,,,,,,,,,,,,,,,,,,,,,,,,,,,,
Isle of Man,IMN,Real interest rate (%),FR.INR.RINR,,,,,,,,,,,,,,,,,,,,,,,,,,,,,,,,,,,,,,,,,,,,,,,,,,,,,,,,,,,,,
India,IND,Real interest rate (%),FR.INR.RINR,,,,,,,,,,,,,,,,,,,10.774631333345,-1.06114574723468,4.47650825774462,5.11823673974264,7.77470724751835,7.32098668054156,7.94709992346307,8.68167358316231,9.09322414576454,6.56018009479018,7.63863299972829,7.43584324408399,5.26952700065787,3.62471659355212,9.13274940718732,5.81477651403261,4.33710973165325,5.86417811281615,7.7929943017053,6.90957899163785,5.1212763300933,9.19124732467082,8.34261083012153,8.59144929618339,7.90717719010452,7.30788115953461,4.91012830381202,4.85514517245753,2.57060670201817,5.68184406332425,3.77175624975725,4.80859210832915,-1.98385922230245,1.31798179926061,2.47351954152821,3.86599286270871,6.69517609043589,7.55648841353984,6.34988762702056,5.46328402351515,5.13156784731738,,
Not classified,INX,Real interest rate (%),FR.INR.RINR,,,,,,,,,,,,,,,,,,,,,,,,,,,,,,,,,,,,,,,,,,,,,,,,,,,,,,,,,,,,,
Ireland,IRL,Real interest rate (%),FR.INR.RINR,,,,,,,,,,,,,,,,,,,,,,,,,,,,,,,,,,,,,,,,,,,,,,,,,,,,,,,,,,,,,
"Iran, Islamic Rep.",IRN,Real interest rate (%),FR.INR.RINR,,,,,,,,,,,,,,,,,,,,,,,,,,,,,,,,,,,,,,,,,,,,,-6.42774916287844,-3.46702474568247,-0.508448114377478,-8.89795418340016,-6.21492024510605,7.07608797972159,-3.35048152380829,-10.2979383964038,-10.4954989331732,-18.1219388990348,2.85270712144122,13.7218632211132,16.1335143652304,,,,
Iraq,IRQ,Real interest rate (%),FR.INR.RINR,,,,,,,,,,,,,,,,,,,,,,,,,,,,,,,,,,,,,,,,,,,7.82593958872947,6.67484505884143,-2.95934673034469,-14.2776021384538,-3.07616602679565,3.27565306320178,-8.4197228819977,44.3309717275955,-1.92209457308135,-8.46792182914735,10.9065508616124,13.5580206739895,13.3863881502017,51.9519621109595,29.7662005961967,,,,
Iceland,ISL,Real interest rate (%),FR.INR.RINR,,,,,,,,,,,,,,,,,,,,,,,-4.32576628670454,-19.4890465976683,-3.1899456482327,0.390246728597254,-4.66442005128187,5.55401378865781,5.7982619580402,4.14936068912376,0.878499200325517,8.44488123928346,9.28059589638345,12.0556447951683,7.76123545635778,8.33588952957096,9.70571588903518,7.6131521888346,7.71954993128334,9.48198445191136,12.3246609630514,8.51041892168956,8.98674857212527,11.4035940539772,9.12022151704717,11.9237814525213,8.75654908736093,14.3797528824506,7.24170372345413,7.31665083663851,3.60050507766028,4.41989754864108,4.72202949567694,5.88269933784003,3.90514930801469,1.88099820793327,6.2251529908106,7.31766991812588,4.45386330945472,,
Israel,ISR,Real interest rate (%),FR.INR.RINR,,,,,,,,,,,,,,,,,,,,,,,,,,,,,,,,,,,,10.2197414611267,9.13948059648862,9.48402845633201,8.41874320516795,9.04066918335676,8.94490178147841,8.04263517560492,5.27393603830788,10.8678198217552,6.60276346106364,5.32095736059428,6.33674004939299,5.51777646701006,4.08606861452796,-0.0490703556289354,3.35943248119682,3.83818625834756,1.82829661293218,2.1761114624022,2.85408729501217,0.584462163092763,2.30370716322081,3.23022806792942,2.29970105730682,,
Italy,ITA,Real interest rate (%),FR.INR.RINR,,,,,,,,,,,,,,,,,,,,,,,,,,,,,,8.29134845005391,5.45217615794358,6.58579704248083,11.6470446977379,10.3400713259826,8.15255756876328,7.92064441677219,7.95225254420281,7.74330889097142,6.0940692269112,4.73663574381599,5.13824588590486,4.12890387539513,3.15873855355089,2.60067773160278,2.76222646529531,3.23826980965577,3.42416671160356,3.76243467546476,4.33259382637626,3.02700909877606,3.57968579295654,2.94466372553515,3.61919864683014,3.95121199746377,3.91764782821879,3.16786623371122,2.33326239674121,2.29428038979459,1.78591444937794,,
Jamaica,JAM,Real interest rate (%),FR.INR.RINR,,,,,,,,,,,,,,,,,2.36180738031929,1.21659354942361,-10.1844178038285,-1.6620537846355,-2.24424896040948,7.14889215886957,7.49994070329466,0.00732712887253237,-12.7907091877853,-2.81105227200029,0.37748193531697,13.1959300782387,11.7220910106427,11.4339839432065,4.30295075298576,-8.57405786212887,-9.51239671005946,-5.95180111546834,13.9963685890666,14.6898926770619,17.6341273163771,21.2168081878077,19.0028612113974,18.7894494381255,11.5395515036715,11.8731499248838,8.63355883873942,6.50631402756646,4.67744636881316,5.2858669261501,8.07942404039824,5.27905752771504,2.8878167704987,4.28639382068546,9.68336391177794,12.9618004384749,10.3745623903729,8.57353965549798,9.62093980236985,9.67676386187471,11.2977641044343,7.85839044747158,8.81971675807426,,
Jordan,JOR,Real interest rate (%),FR.INR.RINR,,,,,,,,,,,,,,,,,,,,,,,,,,,,,,,,,,,,,,10.9483926197674,6.21192298785245,12.7742460375217,12.2613116383789,10.0806339510307,9.17063131979474,6.99694701657188,5.01082553148422,5.48981991003211,-2.23491791617112,3.45160528131818,-9.0437153506268,6.24414506419682,0.546616760491924,2.18713043352785,4.09588035499783,3.22938307341776,5.3610267666017,6.06639497630414,7.03669328575705,6.57482719013086,6.77698711017629,,
Japan,JPN,Real interest rate (%),FR.INR.RINR,,0.195711505142634,3.85006912379877,2.15731920039258,2.43851926362713,2.53461007952037,2.38864446233515,1.72411317935581,2.4193013609772,2.8463288553613,-12.4500077116276,2.38053022415845,1.36444259739085,-4.89696709129665,-9.68190729999126,1.79272099135737,0.229872270185032,0.761186731947651,1.73614703034946,3.5198490449143,2.75740234150932,4.79628811248668,5.47278292573095,6.12458924499863,5.19860618425931,5.27380921844603,4.33802675470271,5.37479704607571,4.38155896917895,3.1127978352893,4.15088493480941,4.47148371437247,4.41060246324255,4.41238117259527,3.8576589529993,4.0609565975201,3.1698080931531,1.935252813206,2.36710430852936,3.51637237634681,3.49927110618352,3.10826487300672,3.37238168129918,3.49558746702671,2.89923209838822,2.7428061402115,2.57092208586075,2.63192916205427,2.91902802096528,2.34896446797881,3.56098332616966,3.22931163811706,2.18570028531336,1.6423991082864,-0.517122124024644,-0.981506241951114,0.775095566556332,1.21676268458759,,,
Kazakhstan,KAZ,Real interest rate (%),FR.INR.RINR,,,,,,,,,,,,,,,,,,,,,,,,,,,,,,,,,,,,,,,,,,,,,,,,,,,,,,,,,,,,,
Kenya,KEN,Real interest rate (%),FR.INR.RINR,,,,,,,,,,,,20.0693863354973,7.70192698626744,-1.09237705362646,-5.64352717158499,-1.64090565512015,-7.49008376069386,-5.90233635720829,6.71220181302224,4.12856106843218,0.942589238331665,1.41050608618277,2.60541241101954,3.57239445157634,3.83512031871359,5.25753765227108,4.86449504656528,8.15738963863611,8.02623231556828,6.8152119350016,7.33279706910016,5.74551264736804,1.82532918641209,3.41347240715261,16.4281098926983,15.8016483376052,-5.77658854155821,16.8795684939578,21.09632602662,17.4540487841647,15.327433447511,17.8125009662806,17.3581406443314,9.77051092763397,5.04525759604714,7.60998754779151,-8.00986697268556,4.81909078881638,-0.984996971451723,2.83707816137581,12.028232727528,3.83851160958011,9.45661614903969,11.5478351826545,7.81510053698654,5.50932372871636,10.4298171027855,2.78262331675337,9.93866822701598,,
Kyrgyz Republic,KGZ,Real interest rate (%),FR.INR.RINR,,,,,,,,,,,,,,,,,,,,,,,,,,,,,,,,,,,,,20.5604361241576,37.3163682093276,44.3690566434026,15.9893265007423,23.4525082420397,30.8753918315245,33.5248547647279,19.528437704639,17.5583519762533,13.6044529595639,12.7063058770927,7.26172720403378,3.01911792715631,21.7404011325996,12.4380440438328,1.05898887771256,13.070868927619,17.5741882508312,10.7831118418714,19.5611791101659,17.3865245096136,12.6462091622865,17.7817837946124,,
Cambodia,KHM,Real interest rate (%),FR.INR.RINR,,,,,,,,,,,,,,,,,,,,,,,,,,,,,,,,,,,,,,,,,,,,,,,,,,,,,,,,,,,,,
Kiribati,KIR,Real interest rate (%),FR.INR.RINR,,,,,,,,,,,,,,,,,,,,,,,,,,,,,,,,,,,,,,,,,,,,,,,,,,,,,,,,,,,,,
St. Kitts and Nevis,KNA,Real interest rate (%),FR.INR.RINR,,,,,,,,,,,,,,,,,,,,,1.12694854880046,-6.32421826623708,3.06054393993284,9.20914379308693,5.50923619356081,7.58771891072355,5.46691099305383,5.55253270728365,4.27420775619196,5.97123321202038,4.08609000432138,7.59878823201125,5.19160070595517,8.12648822450237,4.39563280741236,10.0290961787665,10.2121491246953,5.9573737256315,8.38724846264781,8.19950653925667,15.0483969480715,6.86996707395905,8.63140635832943,10.7986276927128,5.32015818225169,10.5742640544124,-1.11664230933948,-0.842642144883991,5.62479308647997,8.69242472001535,6.38351711177211,3.59786671137438,8.61507751986882,9.25983901179775,6.41827067323334,9.63856878851833,6.76467823606824,4.17036345731016,10.5026280829243,,
"Korea, Rep.",KOR,Real interest rate (%),FR.INR.RINR,,,,,,,,,,,,,,,,,,,,,,,,,,,,,,,,,,,,,6.53164411258981,7.50741975113266,10.1916791144101,10.7071843003853,7.37797391668849,3.91498974025091,3.59854065399715,2.74829821508733,2.8354501774062,4.51518443074936,6.13592052873857,4.05717543894938,4.09072149962999,2.03479089127953,2.27819844470046,4.1078039082496,4.3073834672582,3.7579319213054,3.64103311138691,1.11204479061089,1.3625800446553,1.184654350144,3.33108715709423,,
Kuwait,KWT,Real interest rate (%),FR.INR.RINR,,,,,,,,,,,,,,,,,,,,,,,,,,,,,,,,,,16.5631798834343,14.3194280753531,3.35588336041925,-5.83446490033735,14.1806914214696,31.4923007142347,-8.06820471028736,-9.67049287108189,16.9080708625822,1.26860694637141,0.472936584616584,-5.14911494169832,-11.7209779616469,-6.53955129884658,4.05428824689838,-9.31204874289532,28.1580797496703,-5.1138802010194,-10.2660733656422,-2.3285775946298,4.32809768719085,11.825790416187,40.8598499767362,12.1449584658174,-9.92523227798103,-8.5201210810282,,
Latin America & Caribbean (excluding high income),LAC,Real interest rate (%),FR.INR.RINR,,,,,,,,,,,,,,,,,,,,,,,,,,,,,,,,,,,,,,,,,,,,,,,,,,,,,,,,,,,,,
Lao PDR,LAO,Real interest rate (%),FR.INR.RINR,,,,,,,,,,,,,,,,,,,,,,,,,,,,,,,,11.5322975961387,18.874831069418,12.7244940172888,15.133996624427,5.00030694091195,11.6726867132904,,-29.9321360021712,-42.0986518397554,5.77111514950941,15.8895002552372,21.6471039588972,15.0285558893356,16.7670969393803,16.7460943041138,17.3231183052043,19.6035461635919,13.904160921874,28.544004740948,12.2860349468553,,,,,,,,,,
Lebanon,LBN,Real interest rate (%),FR.INR.RINR,,,,,,,,,,,,,,,,,,,,,,,,,,,,,,-19.1534495624823,21.1603986914384,-6.53197211462136,-28.9859085937965,3.03449089655005,14.8418447465659,12.6598786182641,23.0692546398158,7.83817676256508,,18.5149837367579,20.670411182274,19.0041604605408,11.114353840225,11.6659461141097,11.8635882079395,11.8587344246794,9.29453042249079,6.86365614219423,2.23799417811527,-0.657627562036383,8.08026404064695,4.03014122155203,-0.182581997864257,3.96438503541073,6.06047247138686,3.92496741027091,7.37216074659365,4.49671897385509,3.04966529405513,,
Liberia,LBR,Real interest rate (%),FR.INR.RINR,,,,,,,,,,,,,,,,,,,,,,,,,,,,,,,,,,,,,,,,,,21.2668453721237,21.9027751129028,1.33768102528397,1.05850891242584,16.4626536767493,5.83462802509242,2.70359975092261,-2.49587503262178,17.382815383284,7.25786633100929,2.54895207986341,8.04023729057448,9.44997740124956,11.498206429735,12.42661630469,8.33489150768219,15.7764440812463,,,
Libya,LBY,Real interest rate (%),FR.INR.RINR,,,,,,,,,,,,,,,,,,,,,,,,,,,,,,,,,,,,,,,,,-5.56623060345432,-0.172521972275557,-15.9117329234136,-6.43794540809466,-13.4757735510191,-17.4564761006455,-2.85706837750113,-4.52185372557698,-12.9931976895391,41.9252486500175,-7.14873116194334,-10.3599512863044,-2.73504477059635,13.5729556161695,28.1881183754664,,,,,,
St. Lucia,LCA,Real interest rate (%),FR.INR.RINR,,,,,,,,,,,,,,,,,,,1.77991231370336,-7.79039535709837,-8.31873360417964,4.51404233783162,6.03591927329115,10.0475577676305,10.3352036645807,11.2770444478932,9.10406659310609,5.01145147285236,9.89892873228946,5.8082290958269,2.19498189409981,6.10735107399198,10.8562781023199,10.6984459890544,8.26032296579408,7.26858158922596,12.2842812532906,9.5104519819974,8.79821193019159,10.1898997231717,11.817264380613,14.0425586404106,12.1105212914549,9.2803957297103,10.2782968724072,3.47070981838848,5.34591188541297,-0.3271524522616,14.9090034530807,9.65371860994491,1.40065921344043,10.9809244529087,9.50777676483191,3.76557585740956,5.12519611829911,2.53142257818422,9.0918205549614,4.06175555986975,3.07277370655179,,
Latin America & Caribbean,LCN,Real interest rate (%),FR.INR.RINR,,,,,,,,,,,,,,,,,,,,,,,,,,,,,,,,,,,,,,,,,,,,,,,,,,,,,,,,,,,,,
Least developed countries: UN classification,LDC,Real interest rate (%),FR.INR.RINR,,,,,,,,,,,,,,,,,,,,,,,,,,,,,,,,,,,,,,,,,,,,,,,,,,,,,,,,,,,,,
Low income,LIC,Real interest rate (%),FR.INR.RINR,,,,,,,,,,,,,,,,,,,,,,,,,,,,,,,,,,,,,,,,,,,,,,,,,,,,,,,,,,,,,
Liechtenstein,LIE,Real interest rate (%),FR.INR.RINR,,,,,,,,,,,,,,,,,,,,,,,,,,,,,,,,,,,,,,,,,,,,,,,,,,,,,,,,,,,,,
Sri Lanka,LKA,Real interest rate (%),FR.INR.RINR,,,,,,,,,,,,,,,,,,,,,,,,,,,,,,,,,,,,,,,,,,0.514847020502758,4.67658524544349,1.46867912740359,0.611364963212556,0.312845407751923,1.41356267285372,2.6732136004642,2.2046904750589,9.24801179112238,-10.2457951028503,5.37443994407653,2.21414401588854,5.85146892539278,4.78602223727198,6.26777719107999,5.38919164201801,3.15578523893198,6.91415963092586,,
Lower middle income,LMC,Real interest rate (%),FR.INR.RINR,,,,,,,,,,,,,,,,,,,,,,,,,,,,,,,,,,,,,,,,,,,,,,,,,,,,,,,,,,,,,
Low & middle income,LMY,Real interest rate (%),FR.INR.RINR,,,,,,,,,,,,,,,,,,,,,,,,,,,,,,,,,,,,,,,,,,,,,,,,,,,,,,,,,,,,,
Lesotho,LSO,Real interest rate (%),FR.INR.RINR,,,,,,,,,,,,,,,,,,,,,-21.532311873904,2.15219963966189,22.9671583560024,3.45996254417837,8.76977303406261,0.807771146461093,-2.44002222404581,-0.546631971861021,-5.34175170667412,3.40538181432206,7.52073324115424,1.84403715771557,3.78361242732802,4.07497070781053,6.01611370176731,3.15422033837929,11.0434558512493,8.26864811362688,9.2249453628286,10.1092396644811,10.1706738103675,4.55815277640985,2.54193626615316,13.2529716105449,2.53156709698607,5.46985292760066,2.60709786794599,20.613926011944,3.22334112193973,11.6088395368025,1.4737172149435,1.82207749637295,7.50447952286923,0.978407427099117,-2.24114347979474,0.626573901447264,8.34144926496849,7.98742424474898,6.66803623095183,,
Late-demographic dividend,LTE,Real interest rate (%),FR.INR.RINR,,,,,,,,,,,,,,,,,,,,,,,,,,,,,,,,,,,,,,,,,,,,,,,,,,,,,,,,,,,,,
Lithuania,LTU,Real interest rate (%),FR.INR.RINR,,,,,,,,,,,,,,,,,,,,,,,,,,,,,,,,,,,,,,,,,,,,,,,,,,,,,,,,,,,,,
Luxembourg,LUX,Real interest rate (%),FR.INR.RINR,,,,,,,,,,,,,,,,,,,,,,,,,,,,,,,,,,,,,,,,,,,,,,,,,,,,,,,,,,,,,
Latvia,LVA,Real interest rate (%),FR.INR.RINR,,,,,,,,,,,,,,,,,,,,,,,,,,,,,,,,,,,,,,,,,,,,,,,,,,,,,,,,,,,,,
"Macao SAR, China",MAC,Real interest rate (%),FR.INR.RINR,,,,,,,,,,,,,,,,,,,,,,,,,,,0.818660912467414,-4.69539102400285,-0.717635966564382,-1.73522123163506,-0.515247556547036,-1.9898857880038,-6.60267653382268,-2.78449223244196,1.13557870446894,1.58048096549038,7.17883619187477,7.95310683356963,13.2162540880348,10.8386072620029,11.7545968888076,9.52420833448786,7.52866197368724,5.9144542987285,4.01655069050928,1.40330100539558,0.884672235577242,-0.930604830655821,-4.23621848728964,4.33518493883597,0.449150585774416,-2.08784473268327,-1.57076215902559,-2.2985594513411,-3.11911372751195,0.715304123404454,4.30302570515912,3.03498463621968,1.69963306173556,,
St. Martin (French part),MAF,Real interest rate (%),FR.INR.RINR,,,,,,,,,,,,,,,,,,,,,,,,,,,,,,,,,,,,,,,,,,,,,,,,,,,,,,,,,,,,,
Morocco,MAR,Real interest rate (%),FR.INR.RINR,,,,,,,,,,,,,,,,,,,,,,,,,,,,,,,,,,,,,,,,,,,,,,,,,,,,,,,,,,,,,
Monaco,MCO,Real interest rate (%),FR.INR.RINR,,,,,,,,,,,,,,,,,,,,,,,,,,,,,,,,,,,,,,,,,,,,,,,,,,,,,,,,,,,,,
Moldova,MDA,Real interest rate (%),FR.INR.RINR,,,,,,,,,,,,,,,,,,,,,,,,,,,,,,,,,,,,,6.89444905189292,18.5080142276202,19.516656524968,-3.03807087762042,5.06398950352475,14.8140125530009,12.4688960378077,3.85074378398257,11.9933288359269,9.06924584698605,4.15294419089306,2.51601879555873,10.8197163393923,17.9846181155048,-12.7114073467791,5.77428675941386,5.57968325014909,8.05427823263172,4.381964516368,4.18464399475652,8.14006579920094,3.87050963304038,4.70658592332227,,
Madagascar,MDG,Real interest rate (%),FR.INR.RINR,,,,,,,,,,,,,,,,,,,,,,,,,,,,,,9.17413085935777,12.8672536556022,11.1535676819607,9.25138710931209,12.1059037706134,-9.44233804012144,-7.14515037141515,14.9873644219208,21.4736352565957,17.1190377281117,15.982678146859,18.3169362451787,16.9976823443364,8.65240044302657,20.9073990140391,8.97493170906485,6.38527795847283,14.9639765042941,10.2428445736359,33.9705614860096,35.2476423691247,32.4641014428982,38.151342986962,48.0332440197211,50.7601032026222,49.9085031422105,47.1466644864624,46.8427693262712,52.436788150853,44.4375725576757,,
Maldives,MDV,Real interest rate (%),FR.INR.RINR,,,,,,,,,,,,,,,,,,,,,,,,,,,,,,,,,,,,,9.88346361263738,10.4702619355649,16.3237443845268,9.48552772596058,10.7491210732988,-25.1124113445745,12.9795536001296,10.5600707948111,2.75525946219656,3.51950638117943,5.24763334541402,2.61712874436593,1.75592574617879,1.53941555545909,7.28451626107112,-2.16430522340332,3.47158430022761,4.42688708734452,6.47605895821541,2.93833126258285,10.5158333080628,8.65194690692889,5.14100661673927,,
Middle East & North Africa,MEA,Real interest rate (%),FR.INR.RINR,,,,,,,,,,,,,,,,,,,,,,,,,,,,,,,,,,,,,,,,,,,,,,,,,,,,,,,,,,,,,
Mexico,MEX,Real interest rate (%),FR.INR.RINR,,,,,,,,,,,,,,,,,,,,,,,,,,,,,,,,,,-13.1739458932142,9.64014978095376,15.142499196103,7.77611214784976,2.8591809730765,9.46779679758201,6.58009944549598,5.19659251008799,6.36874291178691,2.56623799537731,2.86722418362443,-0.484780797781122,3.60908384051176,1.05519369988598,1.67481592254073,2.38598083105847,3.00776725957102,0.709277589225056,-0.875864225400526,0.638928018236333,2.68092491140879,-0.834751369448583,0.617884102530153,-0.625787400294369,0.63937570611187,2.96660468574481,,
Marshall Islands,MHL,Real interest rate (%),FR.INR.RINR,,,,,,,,,,,,,,,,,,,,,,,,,,,,,,,,,,,,,,,,,,,,,,,,,,,,,,,,,,,,,
Middle income,MIC,Real interest rate (%),FR.INR.RINR,,,,,,,,,,,,,,,,,,,,,,,,,,,,,,,,,,,,,,,,,,,,,,,,,,,,,,,,,,,,,
North Macedonia,MKD,Real interest rate (%),FR.INR.RINR,,,,,,,,,,,,,,,,,,,,,,,,,,,,,,,,,,,3.14995794303592,24.6445628915144,18.1971953405928,16.8262267891149,19.3720222126428,17.238271022029,9.93801459502552,13.9717190583646,17.2564711254877,14.1160369868261,12.6290600338076,7.26480428145811,8.04240569577011,5.65016796689051,4.4941078777623,10.8427361033363,8.48142548946228,5.66722821086819,7.98550437557974,3.83073107604199,6.22859786001318,5.34549968528511,3.43360757673059,3.08403963642642,1.72351251752375,,
Mali,MLI,Real interest rate (%),FR.INR.RINR,,,,,,,,,,,,,,,,,,,,,,,,,,,,,,,,,,,,,,,,,,,,,,1.09527568655706,0.0858060113154264,0.188054613744079,-1.6555714959251,-0.188221081236779,0.71404414992721,-6.15006226224236,0.415224935867273,4.5544195662483,4.03732657335304,2.00561289234757,3.8825161808317,3.1280700590937,,,
Malta,MLT,Real interest rate (%),FR.INR.RINR,,,,,,,,,,,,,,,,,,,,,,,,,,,,,,,,,,,,6.54475957155336,5.54708276812065,2.27630088054753,6.6164505813034,4.41302945710039,-0.0507307514182739,4.0861413648799,4.68079476821309,7.24089211005757,4.21536106216862,3.6464392946769,2.71243050864619,3.34713968795796,2.80388395787111,1.73413496965305,0.741729293816787,2.50385166155285,2.57937088311791,2.69533256717203,,,,,,,
Myanmar,MMR,Real interest rate (%),FR.INR.RINR,,,,,,,,,,,,,,,,-9.0102730256598,-3.74899100794144,4.32835175258584,7.14566716610062,2.25660453115593,6.68227785932768,3.42332769546307,4.47453964322313,5.92665643733186,5.34746785710932,6.33348752944507,1.35657356450052,-10.9193285028246,-13.7350020806506,-31.5087944547546,-8.89120242164384,,-11.2903304867934,-20.7336124351237,-4.57089090402115,-2.59266033053491,-5.31341538562761,-12.9259872974841,-14.2280181465575,-5.31267450358425,12.4809726731037,-7.88538346161284,-18.7330427673126,-4.5615744944021,11.0026523187386,-3.49396321783665,-4.30102557227772,-5.3734213189377,2.97604470412161,11.5575540108499,9.30165297761965,5.51338261753618,9.5703420622337,8.26028790058836,8.47285152554552,8.51121990466441,9.05685517591302,6.37852717756494,4.36034497389672,,
Middle East & North Africa (excluding high income),MNA,Real interest rate (%),FR.INR.RINR,,,,,,,,,,,,,,,,,,,,,,,,,,,,,,,,,,,,,,,,,,,,,,,,,,,,,,,,,,,,,
Montenegro,MNE,Real interest rate (%),FR.INR.RINR,,,,,,,,,,,,,,,,,,,,,,,,,,,,,,,,,,,,,,,,,,,,,,7.45238383169166,-0.15163349595563,-5.99056847779967,1.64534613797874,6.80819361397394,7.89905499070374,8.42595649991323,9.27658675441595,7.14534037938192,8.09985344400494,6.17344440759575,2.23495815129797,2.8750832259175,3.03592254438835,,
Mongolia,MNG,Real interest rate (%),FR.INR.RINR,,,,,,,,,,,,,,,,,,,,,,,,,,,,,,,,,,,,,,,50.9791099007814,29.8755875216314,22.2795270693741,24.356550306293,27.4015840802691,19.6578061542955,12.6674725571316,8.71984237814711,4.05599555637875,9.1372360108569,-0.712580734288963,19.4843385263377,-13.7301743042816,1.29445835996566,4.7253313217055,15.1340978359323,10.7740524595505,17.5259810684331,17.130975889154,8.57465443466126,8.90871455815528,,
Northern Mariana Islands,MNP,Real interest rate (%),FR.INR.RINR,,,,,,,,,,,,,,,,,,,,,,,,,,,,,,,,,,,,,,,,,,,,,,,,,,,,,,,,,,,,,
Mozambique,MOZ,Real interest rate (%),FR.INR.RINR,,,,,,,,,,,,,,,,,,,,,,,,,,,,,,,,,,,,,,18.3930683101827,17.8184540375372,18.4012404213061,7.14624842981116,5.8038125426369,14.3618112580729,19.3542691700163,14.3529203158847,11.2192576130825,9.85749733249001,11.0989665463564,11.8848178013999,14.758716582365,7.66961358147867,15.2186702633726,12.90033322694,11.9874300399602,13.4247004742523,6.76728778312518,6.59806764620305,18.7804540083734,20.4254321937999,,
Mauritania,MRT,Real interest rate (%),FR.INR.RINR,,,,,,,,,,,,,,,,,,,,,5.11748618387793,4.41420072919294,1.73867965474467,4.42325849316963,0.980405528245905,1.59197731110573,4.41892337533666,1.39221664297491,6.27880487477723,1.87437283373784,7.16810683851944,-22.2137156149698,9.54341369830257,5.06684157434003,6.36771951417885,17.0080579097835,19.7756893217437,8.85367280690937,5.95043568932129,21.3328524076784,19.1451218032832,16.624415914032,12.0843013327089,12.2527772220945,8.27458525328876,12.348076874144,4.67926075646359,19.4789200743471,9.95408346997675,18.1748901385516,-1.57941155070558,0.945838504460253,15.8556321122707,13.5782436640481,28.7910061524043,22.1613344351498,13.1830309869032,13.098949502478,,,
Mauritius,MUS,Real interest rate (%),FR.INR.RINR,,,,,,,,,,,,,,,,,,,,,-11.7086359270678,1.19389678275025,4.14251821538158,6.12950194724446,5.38444814697472,5.20687013997633,5.842087417623,1.07160491576759,3.67211272955301,4.57231298068627,6.70657062900195,8.46108967845946,11.1713314051413,6.74153131966244,11.6007567880393,14.6193836181702,12.906723067997,13.1238549904565,12.1098108995301,14.1248169953264,16.7884304322903,13.9996916046186,13.9152846956072,14.558173267758,13.2476865292305,16.4443285310548,9.04172501025347,12.5252168611504,5.53993479958863,9.96942086716916,7.66227181698747,5.57883018004029,6.05193129431211,5.59520153971811,6.91694969321,7.46745732021704,6.21887517415712,7.11090839920456,6.67785856681375,,
Malawi,MWI,Real interest rate (%),FR.INR.RINR,,,,,,,,,,,,,,,,,,,,12.6458650658149,0.754721904684925,1.7991046750955,8.0580695628804,6.38638763503894,3.30573382999323,8.66987186663478,4.83723927266598,2.37837667016148,-6.74474342074165,0.400390989298352,9.34311202332527,8.40855601634913,7.70114271301292,1.03400568142153,3.82662208766883,-16.8639659013392,-4.60287319720463,6.13660732141228,15.1555094418382,9.94521984686144,17.306645704935,24.3142807463832,-29.2213622339334,34.9541799656641,19.1444070138126,20.1750478155046,10.23841066283,22.6855134874093,11.8904570282977,16.0798943515296,11.1461115818016,8.48053829299742,12.4717373067975,14.6981299732225,19.3623121224244,19.7889616620892,20.5513652212178,22.1497251076974,21.8150800711744,,
Malaysia,MYS,Real interest rate (%),FR.INR.RINR,,,,,,,,,,4.03602680354605,9.75915406735828,9.70413276727123,8.49694070297116,-6.79887980284526,-1.3124351343921,13.7507689816049,-2.39177960271493,2.4375390368857,-0.45555275546039,-2.34650094778649,3.04553812654331,10.7163851362569,9.59051757519962,5.53733485831841,7.07798351526921,14.3895064804946,22.9568776490681,2.50382418882913,5.48154054346649,4.24474198591028,4.7954177247325,5.56337119395019,7.5647917798225,5.8121339323999,4.64398301451159,4.91789275407351,6.04112249050289,6.90550975167243,3.35068161396789,8.51401065979469,-1.08573897064071,8.8485128958175,3.29631236258172,2.90603239594567,0.0344788000749124,-2.67317411566781,2.40900098123162,1.45673534891754,-3.90338193953641,11.7823929529981,-2.11327732399721,-0.471868628205822,3.7484193734366,4.43029577772375,2.06839743557947,3.326736340831,2.83891653981626,0.780020813420722,4.18672916725868,,
North America,NAC,Real interest rate (%),FR.INR.RINR,,,,,,,,,,,,,,,,,,,,,,,,,,,,,,,,,,,,,,,,,,,,,,,,,,,,,,,,,,,,,
Namibia,NAM,Real interest rate (%),FR.INR.RINR,,,,,,,,,,,,,,,,,,,,,,,,,,,,,,,,16.3849739962854,9.0170729206441,7.87677044041437,-3.01657481410824,11.1882063530409,3.66215648210404,12.3792537945975,11.4349750598144,11.044770709461,4.61815000834979,3.01742976796661,3.40205030139551,13.4104077429106,8.7438631413229,4.82985498862005,1.61516046443263,2.47852922986807,2.54999499437878,3.88493797162249,5.94400657502318,4.74440780709648,-3.74727860187677,-0.466145654082898,2.29722578407499,7.23106289679883,0.444313785798105,0.270138459498263,2.9654046652849,,
New Caledonia,NCL,Real interest rate (%),FR.INR.RINR,,,,,,,,,,,,,,,,,,,,,,,,,,,,,,,,,,,,,,,,,,,,,,,,,,,,,,,,,,,,,
Niger,NER,Real interest rate (%),FR.INR.RINR,,,,,,,,,,,,,,,,,,,,,,,,,,,,,,,,,,,,,,,,,,,,,,3.96404957344268,4.37611562643536,0.174433397124595,-1.77020170060308,-1.03835354224881,2.03261932476053,0.825694904433612,0.250962610903094,3.69383474666812,5.45725333585716,4.57500013907861,5.6448573294952,4.16911344784091,,,
Nigeria,NGA,Real interest rate (%),FR.INR.RINR,,,,,,,,,,,-29.2695173465803,5.57678873174238,3.99165847440708,1.56925778676275,-25.6667593999816,-13.9681618465778,-6.86748282425547,-4.25760452388581,-6.2895677096465,-2.99470821224332,-3.5474182124607,-65.8571487005764,-4.58618020853775,-8.02238644287467,4.34249262355183,2.34323057963666,4.31029224223383,-4.76964480833636,-2.96267648066997,-6.61241243941404,17.4662444387474,0.990847348777283,-14.9871679879407,-7.05247465807466,-15.9202329733543,-31.4525655012048,-5.26078413813178,12.1266118888179,11.4846690582481,6.04724834586995,-1.14088864193511,12.138702496426,3.02354227462772,9.93571338658631,-2.60484706004026,-1.59368048053212,-5.62796804871005,9.18717122829722,6.68490863483732,18.1800016730828,1.06773606377507,5.68557985915585,6.22480861363814,11.2016222248822,11.3562130253417,13.5961532457255,6.68623361722716,5.7905668725918,6.04994816887062,,
Nicaragua,NIC,Real interest rate (%),FR.INR.RINR,,,,,,,,,,,,,,,,,,,,,,,,,,,,,789.798930714614,-86.3232839148308,-97.6153747887904,-97.4496960475375,-3.51511549145977,-0.138402651309108,-48.5936241183683,5.72992541145131,10.1353375076706,10.238396991533,6.66466838771679,7.64279236146203,8.82136616247273,10.5477281655738,14.5734072127702,9.70097533890846,4.07198281325625,2.03360823783028,3.43655750586295,3.07037407743291,-2.60805529765506,7.55228433386169,6.76716676312905,0.292923897369495,5.41392592133424,10.1922460763926,4.74594040261323,4.14919096063545,6.54855039419121,5.99459682174024,7.20587531722585,,
Netherlands,NLD,Real interest rate (%),FR.INR.RINR,,,,,,,,,,,,,,,,,,,,,,,,,,,,,,,,,,,,,,,,2.14740416008797,1.32594462017516,0.78240270178797,0.180968479842671,0.812096103218457,1.52756685859969,0.766842834104181,0.95607425106205,2.48055865517033,2.24604010936391,1.75875004031084,0.802043845897494,1.80285658287413,0.1763403432911,0.217232459170826,,,,,,,
Norway,NOR,Real interest rate (%),FR.INR.RINR,,,,,,,,,,,,,,,,,,,,,,,,,,,,,,,,,,,,,,,,,,,,,,,,,,,,,,,,,,,,,
Nepal,NPL,Real interest rate (%),FR.INR.RINR,,,,,,,,,,,,,,,,,,,,,,,,,,,,,,,,,,,,,,,,,,,,,,,,,,,,,,,,,,,,,
Nauru,NRU,Real interest rate (%),FR.INR.RINR,,,,,,,,,,,,,,,,,,,,,,,,,,,,,,,,,,,,,,,,,,,,,,,,,,,,,,,,,,,,,
New Zealand,NZL,Real interest rate (%),FR.INR.RINR,,,,,,,,,,,,,,,,,,,,,,,,,,,,,,,,,,,,,,,7.78761950776427,6.50865406595454,4.82533955348034,3.65337284707687,6.82314870600341,4.6624565946488,4.17237575383269,5.61674492265166,5.33755298617213,3.06198182940104,6.2629678822122,3.89044616316041,3.02079323754813,3.5917486390601,6.07427996982477,1.19177630979839,5.45277017765242,4.37166304649581,2.49876913364454,2.2510663509719,,,
OECD members,OED,Real interest rate (%),FR.INR.RINR,,,,,,,,,,,,,,,,,,,,,,,,,,,,,,,,,,,,,,,,,,,,,,,,,,,,,,,,,,,,,
Oman,OMN,Real interest rate (%),FR.INR.RINR,,,,,,,,,,,,,,,,,,,,,,,,,15.812373525282,10.8033168074107,38.4944132997393,-1.68882609919282,7.92648309705031,9.85225030376322,-12.005017146699,19.7447711043804,7.9872406395643,15.0927787819309,8.87342570338864,7.39570285583007,1.75486352883457,11.6764806367252,26.648056537835,-1.0247297655988,-6.50719191639109,14.8311148526067,3.93607057825978,-1.77108465108874,-4.48392627905525,-12.3963114128251,-5.57753552522035,-0.82652962104071,-20.1292678171007,43.3425585541372,-7.34557486764617,-9.07232636602611,2.5713030222826,7.20051423562341,5.06292521389903,29.2248282016929,15.1130039648268,-1.51773976467522,,,
Other small states,OSS,Real interest rate (%),FR.INR.RINR,,,,,,,,,,,,,,,,,,,,,,,,,,,,,,,,,,,,,,,,,,,,,,,,,,,,,,,,,,,,,
Pakistan,PAK,Real interest rate (%),FR.INR.RINR,,,,,,,,,,,,,,,,,,,,,,,,,,,,,,,,,,,,,,,,,,,,,-0.456381138439285,1.9109291675582,-6.77408831013133,4.18927291750404,-0.236896631710732,-5.07930122399172,2.87979580370443,-4.36750361290994,7.12531269751377,4.69297994328678,4.02046765808752,5.8069063829805,8.32145891692148,4.03469423606832,5.91267461033133,,
Panama,PAN,Real interest rate (%),FR.INR.RINR,,,,,,,,,,,,,,,,,,,,,,,,,,,11.9776788996806,10.0774930333953,12.6862778356261,14.3826612364468,11.3506401961428,11.2442919909278,5.27925445782479,6.28198918474165,6.24302679108142,10.578920286467,11.6698589112134,8.87914328143493,9.72381716131823,9.13069712260355,11.8755777157974,9.84225275952346,8.76467706636648,8.6960847244622,6.72615939403961,6.79783078111642,6.29435075679829,3.26740953016604,0.591365358236231,1.6687932313113,5.01475399624856,1.00332085481557,0.456183573945484,1.03227096556259,2.52640167382294,4.85679421456113,5.34168733224996,5.37193006614376,,,
Peru,PER,Real interest rate (%),FR.INR.RINR,,,,,,,,,,,,,,,,,,,,,,,,,,,-16.5379651908287,-26.8843792750214,-60.0339810905839,-39.5335663948158,-23.3714523085867,78.1269819481145,61.7648027211974,32.6903399531435,22.6218775205124,19.8771271969869,19.9161647249909,22.0244648803872,25.866275291243,31.2063565505912,25.5698477470948,24.411950042159,20.6338458601459,18.8715495126426,17.3087052047161,21.284368194887,15.1194989096291,21.0511674102817,22.3238745945879,18.5944908019559,12.5494733748355,11.1780878633624,17.8200224863401,16.903308069059,12.994785090205,13.0638220152775,12.9852567811511,,,,
Philippines,PHL,Real interest rate (%),FR.INR.RINR,,,,,,,,,,,,,,,,,3.41210164310669,3.44234321583402,2.44051747157455,-0.731057925841884,-0.218773919690037,3.25142554940926,8.66482939854396,4.39148397935782,-16.3958873879009,9.33311215965664,14.1626656959872,5.43239328352936,5.72228072408117,9.38853111744194,9.86693426390804,5.61819164763484,10.6978047086034,7.34852876549207,4.60538066582471,6.63062642862715,6.66788311399618,9.46238221496857,-4.57936625798143,4.87046998455382,4.91671939579099,6.49184017680282,4.77742524375807,6.07583145410405,4.323586077305,4.11696959116676,4.60189373066506,5.43318236233579,1.11764921124425,5.63660458579323,3.31049747252555,2.53939939005879,3.63947691646965,3.64677224681569,2.29598485943005,6.20119826109298,3.88223579708243,3.21961258193648,2.27218148924458,,
Palau,PLW,Real interest rate (%),FR.INR.RINR,,,,,,,,,,,,,,,,,,,,,,,,,,,,,,,,,,,,,,,,,,,,,,,,,,,,,,,,,,,,,
Papua New Guinea,PNG,Real interest rate (%),FR.INR.RINR,,,,,,,,,,,,,,,,,,,,,,,,-5.96378677526633,2.97926713784953,9.76334857562401,10.8295218094169,3.67695459925383,4.4073476734202,17.6114318772816,10.9286809544955,6.70450784546359,11.3322713756759,14.1361118943595,1.77795487715972,-2.33963428965614,11.2869494404941,1.86560265896151,2.75904166076238,7.04692270586383,3.92571797873368,8.69258793903994,1.42375015063623,7.4062392999004,15.5530804394784,-0.635761691143538,-31.1172424255107,6.79238415815679,-2.21086711921583,15.7415554785628,0.480973554473573,1.81485577634268,11.4555567775963,6.31649602995242,3.73533573072582,13.0886668451989,4.29818741760844,0.64269342003214,,,
Poland,POL,Real interest rate (%),FR.INR.RINR,,,,,,,,,,,,,,,,,,,,,,,,,,,,,,,,,,,,,,,,,,,,,,,,,,,,,,,,,,,,,
Pre-demographic dividend,PRE,Real interest rate (%),FR.INR.RINR,,,,,,,,,,,,,,,,,,,,,,,,,,,,,,,,,,,,,,,,,,,,,,,,,,,,,,,,,,,,,
Puerto Rico,PRI,Real interest rate (%),FR.INR.RINR,,,,,,,,,,,,,,,,,,,,,,,,,,,,,,,,,,,,,,,,,,,,,,,,,,,,,,,,,,,,,
"Korea, Dem. Peoples Rep.",PRK,Real interest rate (%),FR.INR.RINR,,,,,,,,,,,,,,,,,,,,,,,,,,,,,,,,,,,,,,,,,,,,,,,,,,,,,,,,,,,,,
Portugal,PRT,Real interest rate (%),FR.INR.RINR,,,,,,,,,,,,,,,,,,,,,,,,,,,,,,,,,,,,,,,,,,,,,,,,,,,,,,,,,,,,,
Paraguay,PRY,Real interest rate (%),FR.INR.RINR,,,,,,,,,,,,,,,,,,,,,,,,,,,,,,,,,,,20.337073917319,20.5873919944553,18.3644041799803,23.5716509483095,12.239031403902,17.6438225996047,10.5674909399047,12.5665095465628,17.555054901043,30.2621742365769,19.4119031543068,15.0125541232521,19.5552455605561,10.9996009504739,12.1340093478972,23.6302143445719,20.503399146067,11.7112422924855,11.8120785380521,14.2325061993418,17.8798397458286,17.8446842452823,13.3978040091721,15.5967670436679,,,
West Bank and Gaza,PSE,Real interest rate (%),FR.INR.RINR,,,,,,,,,,,,,,,,,,,,,,,,,,,,,,,,,,,,,,,,,,,,,8.50205442396909,6.55527867715588,1.87459120126699,2.64127851697855,-6.19164371900145,5.94508623222593,-6.26727233304054,2.23714919176245,5.48552968003971,-0.640791597097812,4.21360066380653,10.8146332539354,4.91630927886989,1.04322593684796,,,
Pacific island small states,PSS,Real interest rate (%),FR.INR.RINR,,,,,,,,,,,,,,,,,,,,,,,,,,,,,,,,,,,,,,,,,,,,,,,,,,,,,,,,,,,,,
Post-demographic dividend,PST,Real interest rate (%),FR.INR.RINR,,,,,,,,,,,,,,,,,,,,,,,,,,,,,,,,,,,,,,,,,,,,,,,,,,,,,,,,,,,,,
French Polynesia,PYF,Real interest rate (%),FR.INR.RINR,,,,,,,,,,,,,,,,,,,,,,,,,,,,,,,,,,,,,,,,,,,,,,,,,,,,,,,,,,,,,
Qatar,QAT,Real interest rate (%),FR.INR.RINR,,,,,,,,,,,,,,,,,,,,,,,,,,,,,,,,,,,,,,,,,,,,,-6.11969022796506,-18.3013168543927,-1.09043552654632,-3.19143167830229,-13.0638363501664,41.2529481527524,0.273060307216403,-10.808402797941,-0.932832336832645,3.17978093543996,5.17268863852891,38.0303480187068,13.2665086575363,-3.3310986745867,-7.05595966928795,,
Romania,ROU,Real interest rate (%),FR.INR.RINR,,,,,,,,,,,,,,,,,,,,,,,,,,,,,,,,,,-43.0507103466055,-20.3459037669125,4.71272825916811,7.7297728327231,-26.6906716511495,4.84839516944541,10.7804562206083,7.45156589527915,5.39568237207386,10.357989375454,1.85276834167124,8.79629617167318,6.77979401796872,3.05143448896313,-2.13087077084907,-0.88543845281131,12.670410202129,10.1716529214972,8.03833047375741,7.03876346042422,6.89631325161864,6.60725479760658,4.05360452525622,3.17567852892594,0.845756698536189,0.880266943464297,,
Russian Federation,RUS,Real interest rate (%),FR.INR.RINR,,,,,,,,,,,,,,,,,,,,,,,,,,,,,,,,,,,,,,14.7604587975258,19.6160805581811,-18.9515529430169,-9.63311144097793,1.22657850666616,0.0329353850822567,-0.600170683332146,-7.32898586128614,-7.20668991029996,-4.07869183886579,-3.34492661143764,-4.90496208936344,13.079965285545,-2.95508373144889,-13.1005736061155,0.055500675579787,3.8640590400478,3.53244831720926,7.55570302462893,9.13416808863412,4.9361048724445,-1.29702327833143,,
Rwanda,RWA,Real interest rate (%),FR.INR.RINR,,,,,,,,,,,,,,,,,,,,,,,,,,,,,,,,,,,,,6.61226465956544,0.945756224840436,13.194466825391,24.211076130407,13.3317429953744,15.0353378796656,22.3780974300639,-4.76157560377487,2.55248658525286,6.08827176609136,4.82785105998938,3.79693047369844,1.71842527896787,7.82818255357329,14.0286617866832,7.67767270493341,10.8579344454149,13.7553646605857,12.2439332679657,16.9989858054089,11.1829850960805,9.15386301335169,17.8811648894879,,
South Asia,SAS,Real interest rate (%),FR.INR.RINR,,,,,,,,,,,,,,,,,,,,,,,,,,,,,,,,,,,,,,,,,,,,,,,,,,,,,,,,,,,,,
Saudi Arabia,SAU,Real interest rate (%),FR.INR.RINR,,,,,,,,,,,,,,,,,,,,,,,,,,,,,,,,,,,,,,,,,,,,,,,,,,,,,,,,,,,,,
Sudan,SDN,Real interest rate (%),FR.INR.RINR,,,,,,,,,,,,,,,,,,,,,,,,,,,,,,,,,,,,,,,,,,,,,,,,,,,,,,,,,,,,,
Senegal,SEN,Real interest rate (%),FR.INR.RINR,,,,,,,,,,,,,,,,,,,,,,,,,,,,,,,,,,,,,,,,,,,,,,4.4554263380393,0.716084471326852,-0.537687683176155,-1.45693980212303,6.02901709905569,3.99521978525748,1.65875444703438,2.35851930720818,5.17613455928934,7.61796330158192,4.04045528942685,4.2990551906854,3.52127039212633,,,
Singapore,SGP,Real interest rate (%),FR.INR.RINR,,,,,,,,,,,,,,,,,,,3.00677760080653,3.1049242690234,0.53503312851039,7.3385477867993,5.44815342724019,5.69899857272352,8.86126396823479,9.67146173205848,8.1750947216157,5.53796377734832,0.506176869327205,1.97042951297371,2.54557097269304,3.01436575925158,4.50217832496916,1.87054553460169,2.33651445349713,3.11920014563625,4.6831591583277,5.18479914287172,8.88383034158479,9.73164689236681,1.89740361880219,7.60258483522973,6.29036367744517,7.2231241170987,1.17843912832887,3.32906587555671,3.40401610364823,-0.553498127533652,6.8612394500942,2.34936284660776,4.23074899959572,4.20690889666802,4.87445201789789,5.83360587013765,5.59678565658425,2.12647768638941,4.52915959660602,2.65836497265872,3.35750982446009,,
Solomon Islands,SLB,Real interest rate (%),FR.INR.RINR,,,,,,,,,,,,,,,,,,,,,,,,,,,,,,,,11.3862035871016,3.00177791519473,1.94006095662734,7.06201701641644,7.16549351207736,2.92885497589116,7.91355769332194,7.94858637661215,10.3779517906146,-0.333270930590573,6.03915617523684,-1.99044267045537,8.15823393702243,2.64355662541942,3.75035847703037,3.74408204964459,2.00221231275962,-3.06638216119856,2.71252276208885,7.13611751454902,-1.26443737533023,5.97203964860919,8.24141246061516,8.21117724590409,7.17704545558631,6.19478484435248,8.67566423887522,7.04841354787089,,
Sierra Leone,SLE,Real interest rate (%),FR.INR.RINR,,,,,,2.66460697692468,5.12640268250487,14.7114377260836,1.24969898509578,-5.40004525613714,10.3645313409102,16.0408975443106,1.9346063112615,-12.3555599726712,-5.39668894271339,-0.338701111009802,0.661033345495525,-7.30452690516718,-10.3755364154939,-0.480305614043627,18.0960799428288,5.7974108597035,-2.95491917908197,-1.83269854556219,-15.573932561212,-30.7240227736971,-34.3501355383015,-51.6172491994351,-22.0881581550197,-19.7067054061718,-10.6051849143921,-31.6974731185882,-10.5427252744224,18.7176105521324,1.81613105329533,-3.56641280913539,1.96172659631431,21.1385279495503,0.0470306629319936,8.22524638355619,22.2391583121499,-28.5164133831829,27.145978546024,6.06003094849368,8.21468984075943,6.81932226668663,10.3900718544517,17.0452182561277,13.1882859858157,13.3463254753571,3.4758344925456,3.08911265919755,7.99610475650235,12.7517676569785,17.3033587471085,-0.113375367327413,15.9822596030255,2.85885025685143,3.96202999949698,,
El Salvador,SLV,Real interest rate (%),FR.INR.RINR,,,,,,,,,,,,,,,,,,,,,,,,,,,,,,,,,,,,,,,,,,,,,,,,,,,,,,,,,,,,,
San Marino,SMR,Real interest rate (%),FR.INR.RINR,,,,,,,,,,,,,,,,,,,,,,,,,,,,,,,,,,,,,,,,,,5.21593361420258,5.47247008791578,4.88628270577356,5.08586446046309,5.33771428571428,4.64457261608094,5.74402474955803,6.11247472059606,1.82762486686593,5.82687195807461,4.81223429747407,3.85035443513441,3.09484207127178,9.6013363588131,1.51551883923914,1.90615424643502,1.93233797530507,,,
Somalia,SOM,Real interest rate (%),FR.INR.RINR,,,,,,,,,,,,,,,,-8.45203338523461,-6.73862786958027,-2.5454002175562,-6.66169365528951,-4.90802025646748,-46.4916371081737,-8.42949623310129,-12.0874564237151,-15.1549634965735,-34.7587460034877,-8.18536592890889,-9.69354662248756,-8.03195354839867,-21.3018920492588,,,,,,,,,,,,,,,,,,,,,,,,,,,,,,,,
Serbia,SRB,Real interest rate (%),FR.INR.RINR,,,,,,,,,,,,,,,,,,,,,,,,,,,,,,,,,,,,,,0.543979517432811,-7.38266180994291,-22.4334384542767,0.0680190624003927,-26.6293654855975,-12.5072955959206,-8.88342947776474,-5.1638102553077,-10.3990009861498,-6.4439362953065,-3.96363271387223,-2.79894719530365,-0.94274104204081,0.810459662866687,2.58708225633185,3.56310876530713,3.95358205426403,4.20344324681598,3.13860052488031,,,,,
Sub-Saharan Africa (excluding high income),SSA,Real interest rate (%),FR.INR.RINR,,,,,,,,,,,,,,,,,,,,,,,,,,,,,,,,,,,,,,,,,,,,,,,,,,,,,,,,,,,,,
South Sudan,SSD,Real interest rate (%),FR.INR.RINR,,,,,,,,,,,,,,,,,,,,,,,,,,,,,,,,,,,,,,,,,,,,,,,,,,,,,-23.5358140676721,-16.8102503771613,61.8826038238136,-3.32140404649992,,,,,
Sub-Saharan Africa,SSF,Real interest rate (%),FR.INR.RINR,,,,,,,,,,,,,,,,,,,,,,,,,,,,,,,,,,,,,,,,,,,,,,,,,,,,,,,,,,,,,
Small states,SST,Real interest rate (%),FR.INR.RINR,,,,,,,,,,,,,,,,,,,,,,,,,,,,,,,,,,,,,,,,,,,,,,,,,,,,,,,,,,,,,
Sao Tome and Principe,STP,Real interest rate (%),FR.INR.RINR,,,,,,,,,,,,,,,,,,,,,,,,,,,,,,,,,,,,,,,,,,,22.0549552534877,12.0294086096892,13.3225631916551,10.6596340874295,14.3581569213768,20.3479868882474,4.66616363172419,21.8816333824512,14.5776086103854,17.787363208043,11.0546280782186,13.7332548248386,13.8339210137383,17.3035071621286,13.7796959793006,17.2944699982809,14.5041886537127,,
Suriname,SUR,Real interest rate (%),FR.INR.RINR,,,,,,,,,,,,,,,,,,,,,,,,,,,,,,,-27.4890678424304,-3.0600934264194,-19.2543587210134,-57.5263455220791,-78.5653397792887,-62.754195686381,21.4890066067626,31.1904103097461,8.41501450370295,-26.7846942669043,-19.7475827348077,-9.89407733060937,-11.1091917851897,-0.227758451885425,6.73863749789876,1.6099979471605,-16.8261723505846,6.89823966618858,-2.8749226644669,4.85180271294171,4.09900198126146,-1.82998622901518,0.908894727369276,11.555221674787,10.5328390818112,15.0063203263909,-11.104594131624,-0.142336865000816,-0.12442155183411,,
Slovak Republic,SVK,Real interest rate (%),FR.INR.RINR,,,,,,,,,,,,,,,,,,,,,,,,,,,,,,,,,,,,,,,,,,,,,,,,,,,,,,,,,,,,,
Slovenia,SVN,Real interest rate (%),FR.INR.RINR,,,,,,,,,,,,,,,,,,,,,,,,,,,,,,,,,,,,,,,,,,,,,,,,,,,,,,,,,,,,,
Sweden,SWE,Real interest rate (%),FR.INR.RINR,,,,,,,,,,,,,,,,,,,,,,,,,,,,,,,,,14.0420837373659,9.67371997006306,7.84815981923326,7.06711776379339,7.64177439473818,5.45485838744902,5.58946722975539,4.44906109767057,4.22788356046125,3.18455575606004,4.17802258678434,3.24970949014719,3.85625525181699,2.84379356782226,1.87963366558151,,,,,,,,,,,,,,
Eswatini,SWZ,Real interest rate (%),FR.INR.RINR,,,,,,,,,,,,,,,,6.27198354555704,-2.70341715382952,0.048779268827794,-0.07307512645036,-3.37862743215558,1.19255866289874,7.47718066385652,1.90599099849994,11.2310715300738,8.34499571345454,13.8107280271222,0.321220230959791,10.6368161732589,-8.84882401357274,11.278776824975,-12.1830875205442,6.65477651114181,4.25636988521268,-2.5930082557812,2.95535788451469,0.347010857004692,10.2006503293275,7.32423588966788,11.260826500624,11.4326666692043,-9.04952531959098,3.95380337727584,5.81653164002309,8.13118696731597,7.14382301009274,3.81784624371209,6.84873874576479,7.76310512445604,3.99161099235129,1.4622117755737,6.34980926056473,3.47354767467386,-0.00613585527771724,1.84625162895283,1.38855762912473,3.02394783845254,2.70719807583476,7.67702484638095,7.3171444652066,,
Sint Maarten (Dutch part),SXM,Real interest rate (%),FR.INR.RINR,,,,,,,,,,,,,,,,,,,,,,,,,,,,,,,,,,,,,,,,,,,,,,,,,,,,,,,,,,,,,
Seychelles,SYC,Real interest rate (%),FR.INR.RINR,,,,,,,,,,,,,,,,,,,,,,,,,,,,,,14.0388634927952,8.2570964621244,17.9864799777005,10.3972279381003,11.1537862125404,14.6150762057635,16.6693820845436,18.0244268284751,13.6491538706493,9.52103037175428,8.93040548324972,6.49454770336248,4.20941902278165,6.73116015735752,4.40696839154948,-11.7766783848397,9.26788148670242,8.48523570370366,-0.810525662885403,-17.1580300275521,-9.52743703593802,17.6593115967572,6.4056840249242,3.25109580014754,7.93008644310807,9.14874350896072,10.0583009138604,13.2535368004616,8.53417463086654,7.93139211810584,,
Syrian Arab Republic,SYR,Real interest rate (%),FR.INR.RINR,,,,,,,,,,,,,,,,,,,,,,,,,,,,,,,,,,,,,,,,,,,,,,,,,,,,,,,,,,,,,
Turks and Caicos Islands,TCA,Real interest rate (%),FR.INR.RINR,,,,,,,,,,,,,,,,,,,,,,,,,,,,,,,,,,,,,,,,,,,,,,,,,,,,,,,,,,,,,
Chad,TCD,Real interest rate (%),FR.INR.RINR,,,,,,,,,,,,,,,,,,,,,,,,,,,,,,,,,,,,,,,,,,,,,,,,,,,,,,,,,,,,,
East Asia & Pacific (IDA & IBRD countries),TEA,Real interest rate (%),FR.INR.RINR,,,,,,,,,,,,,,,,,,,,,,,,,,,,,,,,,,,,,,,,,,,,,,,,,,,,,,,,,,,,,
Europe & Central Asia (IDA & IBRD countries),TEC,Real interest rate (%),FR.INR.RINR,,,,,,,,,,,,,,,,,,,,,,,,,,,,,,,,,,,,,,,,,,,,,,,,,,,,,,,,,,,,,
Togo,TGO,Real interest rate (%),FR.INR.RINR,,,,,,,,,,,,,,,,,,,,,,,,,,,,,,,,,,,,,,,,,,,,,,9.01954329175094,6.710353839268,3.29276217171424,-6.0764375354165,3.33991493341496,4.45329232260305,4.13151797716379,3.27363631495982,3.5093543652619,5.42179236801121,1.62334561414308,3.32201958673622,4.24353152926041,,,
Thailand,THA,Real interest rate (%),FR.INR.RINR,,,,,,,,,,,,,,,,,6.26293210854423,4.60420553124245,1.16865713358645,3.96956412578018,3.05525704276093,8.15328341757775,11.3275477872505,11.1522159607438,15.1248129759168,13.6098172480567,11.531215788535,6.51092811687815,5.34839741634138,5.77972592684466,8.17171642898056,9.12494255783141,7.34632900127859,4.38974930199186,5.94556626353858,7.10216124517529,8.93195056632554,8.83435512444364,5.87886223618368,11.8620419473811,6.41713459310502,5.2524017963631,,,0.95001532846474,-0.354116711152053,1.11273768514103,3.48699475567279,0.654511711211259,4.57235000411774,0.243145417984935,1.27667238100294,3.21667175478817,3.22415335018977,3.45784253074369,3.98095992726528,1.95753429464499,2.3102528627617,2.70150178383976,,
Tajikistan,TJK,Real interest rate (%),FR.INR.RINR,,,,,,,,,,,,,,,,,,,,,,,,,,,,,,,,,,,,,,-25.480117627997,-38.2594805187328,-17.7622718802411,-17.1458607410486,-20.773717296201,-3.84600781551556,-8.20961949568834,2.52044754055047,12.5154222018578,2.60096000053039,-3.39793887319643,-3.5556260801061,9.34764428148686,9.74724950493759,8.06361592821821,8.23220491191345,19.9755383803559,18.871976502355,23.9874625810996,18.651645397944,24.2052270247351,21.3156628906108,,
Turkmenistan,TKM,Real interest rate (%),FR.INR.RINR,,,,,,,,,,,,,,,,,,,,,,,,,,,,,,,,,,,,,,,,,,,,,,,,,,,,,,,,,,,,,
Latin America & the Caribbean (IDA & IBRD countries),TLA,Real interest rate (%),FR.INR.RINR,,,,,,,,,,,,,,,,,,,,,,,,,,,,,,,,,,,,,,,,,,,,,,,,,,,,,,,,,,,,,
Timor-Leste,TLS,Real interest rate (%),FR.INR.RINR,,,,,,,,,,,,,,,,,,,,,,,,,,,,,,,,,,,,,,,,,,,10.8108444425843,8.35401949431174,-4.48513798394906,-5.75575163028248,12.6805582305441,11.7221720567891,-18.4276711925502,43.3513878555313,-12.2053947852048,-12.7402656471426,0.340650310182833,18.1063085180414,16.6498933442001,78.9174394522451,41.88008388551,3.58932521886045,12.4127637236301,,
Middle East & North Africa (IDA & IBRD countries),TMN,Real interest rate (%),FR.INR.RINR,,,,,,,,,,,,,,,,,,,,,,,,,,,,,,,,,,,,,,,,,,,,,,,,,,,,,,,,,,,,,
Tonga,TON,Real interest rate (%),FR.INR.RINR,,,,,,,,,,,,,,,,,,,,,,,1.97916876598367,1.61000142298937,3.27243753973381,-0.214227829679489,-5.31164508551328,-0.911653008725547,0.853418085574212,4.62983422458047,1.11561500006145,3.68960436757624,5.6329894751288,12.5309789046928,-13.5031972544238,13.8644631975379,5.567545114449,12.0181681755662,8.81196242315456,4.62268024659276,8.01151473494932,7.86065412254964,2.59647165842084,1.84032020822342,5.38662415782339,4.46512879671293,-4.48394475683991,5.66658902785536,4.91231405357277,15.1637059515243,7.57535401822508,5.27159279487909,7.35979966425163,8.54458591187855,7.71191194920256,6.73523976071512,6.13100492736643,3.63112776764916,4.29473226967369,,
South Asia (IDA & IBRD),TSA,Real interest rate (%),FR.INR.RINR,,,,,,,,,,,,,,,,,,,,,,,,,,,,,,,,,,,,,,,,,,,,,,,,,,,,,,,,,,,,,
Sub-Saharan Africa (IDA & IBRD countries),TSS,Real interest rate (%),FR.INR.RINR,,,,,,,,,,,,,,,,,,,,,,,,,,,,,,,,,,,,,,,,,,,,,,,,,,,,,,,,,,,,,
Trinidad and Tobago,TTO,Real interest rate (%),FR.INR.RINR,,,,,,,,,,,,,,,,,,,,-12.5958120912475,-10.3775037058172,3.8800529257664,-0.590170570978254,5.0634160566702,6.35718130883544,11.3099304611056,13.4173414772997,6.33968435717846,8.08902270148756,5.71772755118803,-2.26765231730084,11.4180715019918,23.9009040137203,6.14659062527688,2.3937642970346,10.5572179834026,13.6889405947771,19.5703910137174,19.5528120152646,12.2129398478866,3.97779499579411,12.5228375094763,18.6395676414552,0.622840512635694,0.393330894931759,-3.72150193385783,9.03210307148484,-0.888544431909194,-9.17262279754081,54.6777282052186,-3.06106094642406,-6.70574309512338,7.33818556695434,3.62031740682915,5.72893546157173,21.9787475444119,9.84703935624962,3.85854281110946,2.86368744955422,,
Tunisia,TUN,Real interest rate (%),FR.INR.RINR,,,,,,,,,,,,,,,,,,,,,,,,,,,,,,,,,,,,,,,,,,,,,,,,,,,,,,,,,,,,,
Turkey,TUR,Real interest rate (%),FR.INR.RINR,,,,,,,,,,,,,,,,,,,,,,,,,,,,,,,,,,,,,,,,,,,,,,,,,,,,,,,,,,,,,
Tuvalu,TUV,Real interest rate (%),FR.INR.RINR,,,,,,,,,,,,,,,,,,,,,,,,,,,,,,,,,,,,,,,,,,,,,,,,,,,,,,,,,,,,,
Tanzania,TZA,Real interest rate (%),FR.INR.RINR,,,,,,,,,,,,,,,,,,,,,,,,,,,,,,8.62287884454808,,,4.48613942146649,5.25302051057735,5.96938969033474,12.5895761558749,12.2796875628334,4.71257839894137,-26.4995771228168,10.1217878084559,12.3625316406785,14.5410020204007,8.54700275184248,5.62474851520173,6.78734531712968,8.32725606208395,9.61235270890832,6.38956519301523,-1.20176222890039,5.49223043320112,4.67526160067361,2.46394265348057,4.590680967495,5.6491961637984,9.65416925578872,7.91249075943078,7.89622768215431,14.5232594820136,12.0614625241092,,
Uganda,UGA,Real interest rate (%),FR.INR.RINR,,,,,,,,,,,,,,,,,,,,,,,,-20.4035283617281,-2.68217474860101,-43.7223013977898,-43.8078044623812,-52.0738746690985,-53.4442808232052,-35.0187402122154,-3.95720976546436,6.66352497040797,-4.10629276490308,,13.0219188783344,9.86141310940884,15.034247246081,17.7268705686662,11.1006860771916,21.6868316485691,10.621614269532,17.3344956753025,22.9955928413424,10.3290387314547,4.33924393653096,21.7655522909235,15.9090043538354,10.9806235431351,13.2429702971161,-9.74941340008349,8.68919119119097,16.4400813872525,3.80918364441428,18.5133797988232,17.5809567430503,16.7582417996685,19.5382223946187,14.1154376665704,16.1337170144653,,
Ukraine,UKR,Real interest rate (%),FR.INR.RINR,,,,,,,,,,,,,,,,,,,,,,,,,,,,,,,,,-90.5600697657805,-91.7244116698951,-66.749288661768,-56.8251767077044,8.26844959223915,26.2910753901082,37.9286509986115,21.6268379707993,14.9554005497818,20.4319102914621,19.2979107887714,9.05469177428198,1.95839817969507,-6.45654377870131,0.383902502474405,-7.47593581347281,-8.62200760270267,6.94106186020754,1.70831933588143,1.52926613495786,9.83097634277697,11.8003967005267,1.56704453345321,-12.2829160842985,1.82758240410076,-4.66660080915505,3.11071225519256,,
Upper middle income,UMC,Real interest rate (%),FR.INR.RINR,,,,,,,,,,,,,,,,,,,,,,,,,,,,,,,,,,,,,,,,,,,,,,,,,,,,,,,,,,,,,
Uruguay,URY,Real interest rate (%),FR.INR.RINR,,,,,,,,,,,,,,,,,9.73704637245728,5.47961120798643,18.6635075014779,-7.61676183204072,7.65944611466699,25.9574419514631,34.1728377728842,25.9613268489483,17.1946236704348,11.818473366374,13.9035648998479,13.3206835968532,15.3921382633862,29.2503540097863,32.6892331890632,25.9327926384629,36.4250873306426,33.4668643170075,40.3909679403695,41.1572929815175,51.478315507742,34.5646754865078,40.5227903932941,46.921213693246,43.9551900592789,44.7248902375386,93.9150781394142,36.3812989460442,12.3282787138653,12.8445855503466,2.55007611005144,-0.436648320213291,4.09547422129056,6.99533387294711,5.16571401695718,0.708327219503336,2.43340093319553,3.95763986286548,5.63387339714102,6.2603499812456,8.22095274916215,8.71682492497477,6.29637542990803,,
United States,USA,Real interest rate (%),FR.INR.RINR,,3.10788487484433,3.21534597587191,3.37488224240515,2.95166899970868,2.56591312626037,2.64942062883462,2.40622703183633,1.86391124668396,2.85177336421873,2.28032119858694,0.622615404443253,0.887217688290342,2.40973233575421,1.6510697048529,-1.28142703314907,1.26689159306799,0.575074757707127,1.88990110342614,4.03451309779715,5.71642832756886,8.594585291156,8.17739543975897,6.61817445041641,8.14107484387744,6.56332629340289,6.19386615851484,5.59256508020534,5.59036709180955,6.6906953418548,6.03974437670602,4.91535244969922,3.88424001629856,3.54668872905144,4.89835613739001,6.59406890033088,6.32400794867787,6.60340703879984,7.14819187417205,6.45713491326778,6.84484418411364,4.62675686691718,3.04507118299111,2.2241011221949,1.60458893763306,2.98135677927054,4.78644764749232,5.2234058896543,3.08241129144056,2.46882889613403,2.06073670900187,1.13733832018576,1.30708311278295,1.46929928715192,1.332891841643,2.16748056817314,2.39198428683737,2.15492872759034,2.40952131040253,,
Uzbekistan,UZB,Real interest rate (%),FR.INR.RINR,,,,,,,,,,,,,,,,,,,,,,,,,,,,,,,,,,,,,,,,,,,,,,,,,,,,,,,,,,,,,
St. Vincent and the Grenadines,VCT,Real interest rate (%),FR.INR.RINR,,,,,,,,,,,,,,,,,,-20.949179254105,-3.38757208991016,-4.00377185972244,-2.70051521669259,-7.18318471614228,3.13188314227096,5.12904525718449,8.08828727038551,10.3325340684863,7.57049746518864,3.51095029876954,11.7991533757986,6.63366232717501,5.02871077289931,6.06548645739047,8.54447139222395,13.2752595627356,9.14558653512343,9.62885808326428,7.39542920103317,9.79968555248651,7.84298195068303,9.55629759918408,11.7070583928356,4.61646476145759,10.4374122000957,15.4521553180496,5.45947000482586,6.44684571534491,6.52388361715278,1.10945079747832,9.50272399510359,10.1424804273355,4.53442591016108,9.49791582727963,8.23688644822859,7.07655690255254,9.48322348880739,6.69757476190817,8.4557805570631,7.37952221782861,8.22010367314822,,
"Venezuela, RB",VEN,Real interest rate (%),FR.INR.RINR,,,,,,,,,,,,,,,,,,,,,,,,,-23.1370039911702,-0.989593141079166,9.77856634792798,-21.0796741889709,-8.43912021180378,-35.2423994297478,-4.38052890851366,12.9384656519664,10.2019831583076,21.4635311798521,-5.05595799133818,-7.91759550510503,-35.3144573531192,-7.66155620373602,23.0987863341021,4.70163709843754,-3.28587532963618,13.3844231339627,2.67218994668373,-7.21866989625884,-11.5391025879982,-9.87229315861923,-2.05899917326322,1.43485845305461,-5.96439961739872,11.1856446074341,-18.9085587466056,-8.58311384652384,2.03452703069445,-14.4703229568526,-16.5399760583746,-57.7708543842648,-71.3331876165019,-85.725094647265,,,
British Virgin Islands,VGB,Real interest rate (%),FR.INR.RINR,,,,,,,,,,,,,,,,,,,,,,,,,,,,,,,,,,,,,,,,,,,,,,,,,,,,,,,,,,,,,
Virgin Islands (U.S.),VIR,Real interest rate (%),FR.INR.RINR,,,,,,,,,,,,,,,,,,,,,,,,,,,,,,,,,,,,,,,,,,,,,,,,,,,,,,,,,,,,,
Vietnam,VNM,Real interest rate (%),FR.INR.RINR,,,,,,,,,,,,,,,,,,,,,,,,,,,,,,,,,,12.5772078190439,,,10.4908666386641,7.33532106231945,5.11047871283137,6.58752233761723,6.90576665423204,6.62403546577856,4.16693711887616,2.21305791805583,1.18892233902686,-6.55288740482219,2.40151726058343,1.41363786949707,-5.6163352894178,3.62788141444132,0.946652654430776,-3.5517091739572,2.2948921638843,5.35841612990578,4.82587415533704,7.32225813166854,5.78509866279127,2.86466756426518,3.87494258085283,,
Vanuatu,VUT,Real interest rate (%),FR.INR.RINR,,,,,,,,,,,,,,,,,,,,,,7.95717703681528,19.1293475285161,15.4111586931155,4.16068187761285,19.8744666169063,19.5566779932718,-0.891985521498261,6.58413450541843,9.90896367996101,18.5148248826978,6.9853967886836,13.1072830666833,13.6714376369984,13.3408765355744,8.63845056343805,8.25131551782062,7.09662057982614,2.58996475908682,7.00121771920077,7.50560847962639,4.90729198457433,4.50029628538218,5.07157677968305,5.37220193405825,7.01516825582324,4.21408331288068,2.54880923240489,-1.89259697967999,3.11669771428604,2.80912494874607,2.32890713892859,5.61306479639512,2.28223815789001,2.65494089272936,-0.793914523901562,1.11628645845276,-0.922740997186142,-0.162582796072524,,
World,WLD,Real interest rate (%),FR.INR.RINR,,,,,,,,,,,,,,,,,,,,,,,,,,,,,,,,,,,,,,,,,,,,,,,,,,,,,,,,,,,,,
Samoa,WSM,Real interest rate (%),FR.INR.RINR,,,,,,,,,,,,,,,,,,,,,,,,,,,,,,,,,,,,,,,,,,8.92660480012601,8.79775295942536,8.44302559810412,3.93932070514152,10.4816869202452,2.24996008730336,12.8061394924156,3.73733914017942,9.41513354556232,5.54868089119925,9.50874992212774,5.99721031688916,9.15309530201946,10.1887741768739,5.04948758589672,7.81323195579324,8.82216483131815,6.77347959433475,,
Kosovo,XKX,Real interest rate (%),FR.INR.RINR,,,,,,,,,,,,,,,,,,,,,,,,,,,,,,,,,,,,,,,,,,,,,1.60122216838889,17.8317969411063,14.9363538482863,10.8052594728134,3.26145883792468,13.0632947209543,9.22963934052604,8.57849740333185,10.2391931723187,9.85176279198384,7.12333735270319,8.10529132749736,6.97344495508119,5.37992168427986,5.58415222068944,,
"Yemen, Rep.",YEM,Real interest rate (%),FR.INR.RINR,,,,,,,,,,,,,,,,,,,,,,,,,,,,,,,,,,,,,-3.88980366925065,8.15143681264389,28.8696740675984,-7.02761995290701,-3.24589365741388,14.4608994677471,8.34443136708262,6.42114878963687,3.8512036297034,-0.410914968114143,3.84390173677065,6.40693260011951,-1.97523737577545,29.2517103958068,0.17557662630451,5.83025954954683,17.5713344155712,11.7887549080688,,,,,,,
South Africa,ZAF,Real interest rate (%),FR.INR.RINR,,5.40837929599034,5.80292969087783,2.15488192443628,3.72761134635903,3.84884210999824,2.99688209727108,4.06011480017925,4.3696357381523,0.383569130064757,3.71951767335177,2.66644549900931,-2.03812003658093,-8.79428898819454,-4.97573342101781,0.876775044417142,1.63884289902871,1.20216241615031,0.459820214417834,-4.40278557295022,-12.3150034924215,3.51031777933591,4.69219399731596,0.123949048603071,9.73808186649869,4.01045222349627,-2.40625697234986,-1.72870051108964,0.159846220627651,2.22548303304911,4.7826577998127,4.02984784036199,3.78646364655099,2.81175968216548,5.49673605001486,6.97043339242061,10.7641732020693,11.1241911824314,12.9929194247834,10.2513630747995,5.24254800562271,5.69385679824413,3.15913479004747,8.66287286688212,4.47270588199028,4.90843137261001,4.62228229524549,3.96627600631419,5.78278397590165,3.91035884428113,3.27434037342849,2.31645302642991,3.29325345153814,2.20878624839375,3.38995375868503,4.0372997058624,3.03339033952218,4.85196657084793,5.93437168884433,,
Zambia,ZMB,Real interest rate (%),FR.INR.RINR,,,,,,,,,,,,,,,,,,,-3.93275593749378,-10.5060560121594,-2.02474643446925,2.18496843119177,3.16698982878607,-4.74532358554098,-3.20250628236621,-15.9666101332611,-29.9982689494611,-25.1937131971982,-11.9713495440983,-34.546802021159,-34.5390408369169,-25.7738895541915,-41.7902439781861,-12.4559693371288,-5.63447019509953,11.424913920026,23.670485757671,16.9766299739538,12.7393085006184,19.1587954269473,4.6647680701877,16.6774634895963,21.6156242816087,19.5253414742068,9.19693364690932,9.90908518429273,7.51782024205528,5.24087063421903,7.61379538117006,15.6336334619814,6.11294221169531,6.94919622622211,4.82303719033202,-0.188138406091686,5.81896876126205,6.17826694883844,1.69602095131284,1.97058823568349,0.42326440702835,,
Zimbabwe,ZWE,Real interest rate (%),FR.INR.RINR,,,,,,,,,,,,,,,,,,,14.6941785375241,2.04832012222609,4.25671923897917,12.7534734591725,18.4300656484892,37.5255895542747,47.4727270202516,41.1929976376131,4.60456028021855,5.42090988924547,4.83822207118865,12.1110347542339,12.7460832870208,23.8968621137408,39.4786966086893,41.7029658911902,40.327534641464,30.7585189965215,23.1682582141011,36.4758727329187,94.7268034470224,43.8666956434874,67.1587435256793,38.2017258494716,32.8743515521477,81.3321265268396,252.11532309728,219.275111200213,508.740766126227,572.936314757915,1158.02642474573,,,,7.2750104058432,0.33774808072068,9.7442101427053,7.88602505836083,4.84758468672653,0.832369038605238,-16.3070109340336,,